months_as_customer,age,policy_number,policy_csl,policy_deductable,policy_annual_premium,umbrella_limit,insured_zip,insured_education_level,insured_occupation,capital-gains,capital-loss,incident_severity,incident_city,incident_hour_of_the_day,number_of_vehicles_involved,property_damage,bodily_injuries,witnesses,police_report_available,total_claim_amount,injury_claim,property_claim,vehicle_claim,auto_model,auto_year,policy_state_IN,policy_state_OH,insured_sex_MALE,insured_hobbies_basketball,insured_hobbies_board-games,insured_hobbies_bungie-jumping,insured_hobbies_camping,insured_hobbies_chess,insured_hobbies_cross-fit,insured_hobbies_dancing,insured_hobbies_exercise,insured_hobbies_golf,insured_hobbies_hiking,insured_hobbies_kayaking,insured_hobbies_movies,insured_hobbies_paintball,insured_hobbies_polo,insured_hobbies_reading,insured_hobbies_skydiving,insured_hobbies_sleeping,insured_hobbies_video-games,insured_hobbies_yachting,insured_relationship_not-in-family,insured_relationship_other-relative,insured_relationship_own-child,insured_relationship_unmarried,insured_relationship_wife,incident_type_Parked Car,incident_type_Single Vehicle Collision,incident_type_Vehicle Theft,collision_type_Front Collision,collision_type_Rear Collision,collision_type_Side Collision,authorities_contacted_Fire,authorities_contacted_None,authorities_contacted_Other,authorities_contacted_Police,incident_state_NY,incident_state_OH,incident_state_PA,incident_state_SC,incident_state_VA,incident_state_WV,auto_make_Audi,auto_make_BMW,auto_make_Chevrolet,auto_make_Dodge,auto_make_Ford,auto_make_Honda,auto_make_Jeep,auto_make_Mercedes,auto_make_Nissan,auto_make_Saab,auto_make_Suburu,auto_make_Toyota,auto_make_Volkswagen,policy_duration_days,days_since_incident,Fraud Reported,Confidence
-1.7291987008334238,-1.419076934117235,1.4715012499308746,1,1.412783515790431,-0.4934890520499029,0.0,-0.45129629526755205,6,53,0.228797588800118,0.9538505081700629,2,157,1.4905230943442151,1,2,1,3,0,1.3397148522417457,1.760082207485746,1.7969961477978693,0.9610232075259496,32,-0.349750824881539,0,0,0,0,0,0,0,0,0,0,0,0,0,0,0,0,0,0,1,0,0,0,1,0,0,0,0,0,1,0,0,1,0,0,0,0,0,0,0,0,0,0,1,1,0,0,0,0,0,0,0,0,0,0,0,0,3819,3637,0,0.014589990794065049
-0.382023983918053,-0.6515341633846863,-1.4243035915579794,2,-0.22238259044849376,0.6867268938476664,0.0,1.6098137550868101,2,76,1.309267540146005,0.9538505081700629,2,134,0.7708808124090012,3,0,2,3,2,0.0014863205166504494,-0.44140929534738577,-0.4399700013865097,0.22837813129916665,31,0.14918045169696045,0,0,0,0,0,0,0,0,0,0,1,0,0,0,0,0,0,0,0,0,0,0,0,0,0,0,0,0,0,0,1,0,0,0,0,0,0,0,0,0,0,0,0,0,0,0,0,0,0,0,0,1,0,0,0,0,5639,3642,0,0.0012742719076542291
1.573552218055872,1.3221472470704387,-1.4328855472742428,1,-0.22238259044849376,-1.1569888130676957,0.0,1.4180764220383621,4,74,-0.9019267788874382,-1.2177376262934057,1,134,0.33909544324787283,3,0,1,3,0,0.5623977413473333,1.2476307403458178,-0.13171023408735877,0.4974914347866618,32,0.3154908772231269,1,0,0,0,0,0,0,0,0,0,0,0,0,0,0,0,0,1,0,0,0,0,0,0,0,0,0,0,0,0,0,1,0,0,0,1,0,0,0,0,0,0,1,0,0,0,0,0,0,0,0,0,0,1,0,0,12592,3613,0,0.0032135665559611544
2.1037306550354695,1.9800410505554806,1.732898669348419,0,1.412783515790431,0.48199808492359575,0.0,-0.31714574436676035,1,65,0.6308329195334713,-1.3565768676771357,2,122,-0.23661838230029839,3,1,0,0,1,0.38048052378062536,-0.23642870849141445,1.0763347999228274,0.31949523405477526,42,1.1470430048539593,1,0,1,0,0,0,0,0,0,0,0,0,0,0,0,0,0,0,0,1,0,0,0,0,0,1,0,0,0,0,1,0,0,0,0,0,1,0,0,0,1,0,0,0,0,0,0,0,0,1,0,0,0,0,0,0,11807,3617,0,0.0075654754547925225
-1.0425741676959122,-1.090130032374714,0.329887077280356,1,-0.22238259044849376,-0.5754714377094307,0.0,-0.3846954444822932,2,93,-0.9019267788874382,-0.11058367577186673,3,152,-0.8123322078484696,1,2,2,0,2,-1.741129026091106,-1.3966188300962121,-1.2814358526625704,-1.746532095868908,18,-0.017129973829206037,0,1,0,0,0,0,0,0,0,0,0,0,0,0,0,0,0,0,0,0,1,0,1,0,0,0,0,1,0,0,0,0,0,0,0,0,1,0,0,0,1,0,0,0,1,0,0,0,0,0,0,0,0,0,0,0,7798,3326,0,0.008233126646574992
0.6261841913218373,0.6642534435853971,0.790420897705891,2,-1.0399656435679563,-1.2737465985888474,0.0,-0.9850379972132751,2,93,0.6954457405441888,-1.2319775484866087,1,149,-0.09268992591325557,3,0,0,2,0,0.626826755902209,1.317324139876848,-0.09630201757326712,0.5605317558792049,24,0.8144221538016264,0,0,0,0,0,0,0,0,0,0,0,0,0,0,0,0,0,1,0,0,0,0,0,0,0,0,1,0,0,0,1,0,0,1,0,0,0,0,0,0,1,0,0,0,0,0,0,1,0,0,0,0,0,0,0,0,9059,3510,0,0.004360279219344406
0.8608533355587084,1.2124982798229318,-0.09552883546815169,0,1.412783515790431,-1.7362759371284218,0.0,-0.5160692157253713,5,76,-0.9019267788874382,0.9538505081700629,0,157,-1.5319744897836836,4,2,1,2,1,0.7609907038576561,0.9647575304845775,-0.2754259364092602,0.8847391214979983,37,0.8144221538016264,0,0,1,0,0,0,1,0,0,0,0,0,0,0,0,0,0,0,0,0,0,0,1,0,0,0,0,0,0,0,0,0,1,1,0,0,0,0,0,0,1,0,0,0,0,0,1,0,0,0,0,0,0,0,0,0,10174,3642,0,0.11684033024879198
-0.1734291890408343,-0.10328932714715157,-1.2871168454868438,1,-0.22238259044849376,0.7476457950304392,0.0,-0.883622748206935,1,72,-0.9019267788874382,0.9538505081700629,1,122,-0.8123322078484696,3,0,0,2,1,0.03673278142020012,0.9237614131133831,-0.29625429906460826,-0.11172175224211654,43,1.3133534303801258,0,0,0,0,0,0,0,1,0,0,0,0,0,0,0,0,0,0,0,0,0,0,1,0,0,0,0,0,0,0,0,0,1,0,0,0,0,0,0,1,0,0,0,0,0,0,1,0,0,0,0,0,0,0,0,0,10989,3629,1,0.8935781866551596
-0.6427674775145763,-0.9804810651272072,1.6018769200367216,2,1.412783515790431,-0.26063429620687,0.0,-0.555948794930121,6,76,-0.9019267788874382,-0.49862155553665044,2,149,0.6269523560219584,3,1,2,3,0,-0.1444264477399799,0.3006204290712304,-0.6128454114258984,-0.12337626538527578,32,-0.017129973829206037,0,0,1,0,0,1,0,0,0,0,0,0,0,0,0,0,0,0,0,0,0,0,0,0,1,0,0,0,0,0,0,0,1,0,0,1,0,0,0,0,1,0,0,0,0,0,0,0,0,0,0,0,0,1,0,0,4519,3629,0,0.008152593646690005
-0.03436599245602184,0.11600860734786234,1.503353733187972,0,-0.22238259044849376,0.7551212669721894,0.0,-0.7868819775188564,2,76,0.7241625498822855,0.22761447631670623,1,134,-0.3805468386873412,1,0,0,0,1,-1.8597542117127301,-1.439664753335966,-1.4543112627019592,-1.8572499707289205,24,1.6459742814324587,0,0,0,0,0,0,0,0,0,0,1,0,0,0,0,0,0,0,0,0,0,0,0,1,0,0,0,0,0,1,0,0,0,0,0,0,1,0,0,0,0,1,0,0,0,0,0,1,0,0,0,0,0,0,0,0,5179,3661,0,0.0020828327502439648
-0.7818306740993888,-0.9804810651272072,-0.22652334047598785,1,-0.22238259044849376,-0.34385571036503115,0.0,-0.813198592767337,5,63,-0.9019267788874382,-0.2814627420903036,1,152,-1.244117577009598,1,1,0,3,2,-1.8222337855895967,-1.417116888781809,-1.4314000637810762,-1.8164591747278631,30,1.3133534303801258,0,1,0,0,0,0,0,0,0,1,0,0,0,0,0,0,0,0,0,0,0,0,0,0,0,0,0,0,0,1,0,0,0,0,1,0,0,0,0,0,0,0,1,0,0,1,0,0,0,0,0,0,0,0,0,0,6273,3606,0,0.0005496647972237667
0.5740354926025326,0.6642534435853971,-1.4788778242352791,2,-0.22238259044849376,-0.9020793499490022,0.0,-0.33818787363224756,1,54,-0.9019267788874382,0.25253434015481163,1,157,0.914809268796044,3,1,1,1,2,1.3886051044627985,1.5305039502070583,0.012005468234542677,1.5426893634890788,32,-1.1813029525123715,0,1,0,0,0,0,0,0,0,0,0,1,0,0,0,0,0,0,0,0,0,0,0,0,0,0,0,0,0,0,1,0,0,1,0,0,0,1,0,0,0,0,0,0,0,0,0,0,0,0,0,0,0,1,0,0,5153,3648,0,0.0001871930286535044
-0.8513622723917951,-1.199778999622221,-1.6973031923769666,0,1.412783515790431,1.4562874943484154,0.0,1.394843567113272,2,74,-0.9019267788874382,0.9538505081700629,1,141,-0.524475295074384,1,2,2,1,2,-1.7915352551252148,-1.5237067939469142,-1.2856015251936401,-1.7830848870906344,27,-1.014992526986205,0,1,1,0,0,0,0,0,0,0,0,0,0,0,0,0,1,0,0,0,0,0,0,0,1,0,0,0,0,1,0,0,0,0,0,0,1,0,0,0,0,0,1,0,0,0,0,0,0,0,0,0,1,0,0,0,12607,3644,0,0.05722052027878383
0.2263775011405015,-0.21293829439465853,0.89793859687223,2,-0.22238259044849376,-0.8085326983022355,0.0,-0.41343999772294543,6,78,-0.9019267788874382,-0.8795394742048326,0,149,0.4830238996349156,1,2,2,3,0,-0.13874153469102027,0.489202568978724,-0.5170349432112975,-0.18853558886748426,20,-1.5139238035647045,0,0,1,0,0,0,0,0,0,0,0,0,0,0,0,0,0,1,0,0,0,0,0,0,1,0,0,0,1,0,0,1,0,0,0,0,0,0,0,0,1,0,0,0,0,0,0,0,0,0,0,0,0,1,0,0,7006,3418,1,0.6702771477026342
-0.4950128311432131,-0.8708320978797003,0.7799318407193467,1,-1.0399656435679563,-0.832569851175709,0.0,-0.46022664190542456,6,85,0.961076226921583,0.9538505081700629,0,122,-1.1001891206225551,1,0,0,0,0,0.5866533703562277,0.224777611934521,-1.5397075495888861,1.1538524249854933,20,1.3133534303801258,1,0,0,0,0,0,0,0,0,0,1,0,0,0,0,0,0,0,0,0,0,0,0,0,1,0,0,0,1,0,1,0,0,0,0,1,0,1,0,0,0,0,0,0,0,0,0,0,0,0,0,0,0,0,1,0,9961,3646,0,0.36788457175815914
-0.6688418268742287,-0.5418851961371793,-0.991282625988801,2,-1.0399656435679563,0.26211182736625177,0.0,1.443737214955624,0,74,1.743609281384717,0.9538505081700629,1,152,-0.524475295074384,1,2,1,3,0,-1.8214757971830688,-1.4273659181246077,-1.3439209406286146,-1.8350004456374347,28,-1.1813029525123715,0,1,0,0,0,0,0,0,0,0,0,0,0,0,0,1,0,0,0,0,0,0,0,0,1,0,0,0,0,1,0,0,0,0,1,0,0,0,0,0,0,0,0,0,0,0,0,0,0,0,0,0,1,0,0,0,6910,3510,0,0.0026005727586943784
0.4784295449504741,0.006359640100355384,-0.839640830697619,1,-0.22238259044849376,0.6849922539495804,0.0,1.4435558172895422,3,74,-0.9019267788874382,-2.0329731718542816,1,149,0.051238530473787215,3,1,1,3,0,-0.23500606232006988,0.0669425600554231,0.07657339246612159,-0.3649425378071218,23,1.1470430048539593,0,1,0,0,0,0,0,0,0,0,0,0,0,0,1,0,0,0,0,0,0,0,0,0,0,1,0,0,0,0,0,0,1,1,0,0,0,0,0,1,0,0,0,0,0,0,0,0,0,0,0,1,0,0,0,0,10705,3638,0,0.010270402869589364
-0.773139224312838,-0.8708320978797003,0.0913670890193633,2,-0.22238259044849376,-0.8459926599108962,0.0,-0.29847573842695807,0,76,-0.9019267788874382,0.9538505081700629,0,134,0.914809268796044,3,2,0,3,1,-0.7049588743673988,-1.5237067939469142,-0.6503364642055249,-0.42586385650999964,32,-0.017129973829206037,0,1,0,0,0,1,0,0,0,0,0,0,0,0,0,0,0,0,0,0,0,0,1,0,0,0,0,0,0,0,0,0,1,0,0,0,0,0,0,0,0,0,1,1,0,0,0,0,0,0,0,0,0,0,0,0,7212,3659,0,0.22883748699780332
2.051581956316165,1.9800410505554806,0.3993756202999331,0,-0.22238259044849376,-1.0777735910551143,0.0,1.4474628439436115,1,63,0.9467178222525346,-0.9008993574946372,0,152,1.0587377251830867,3,2,0,3,0,0.5851373935431717,1.01805248306713,1.0430094196742705,0.2898292005994608,42,0.3154908772231269,0,0,1,0,0,0,0,0,0,0,0,0,0,0,0,1,0,0,0,0,0,0,0,0,0,0,1,0,0,0,0,1,0,0,0,0,1,0,0,0,1,0,0,0,0,0,0,0,0,1,0,0,0,0,0,0,6510,3629,0,0.4099271355549623
-1.0338827179093615,-0.9804810651272072,0.75562213758838,2,-0.22238259044849376,0.8174030995034587,0.0,-0.5808421361831907,0,63,0.9503074234197967,-1.6769751170242049,0,157,1.0587377251830867,1,2,0,1,2,0.8155658691276685,1.0139528713300106,1.0388437471432008,0.6140365662182542,28,0.14918045169696045,1,0,1,0,0,0,0,0,0,0,0,0,0,0,0,0,0,1,0,0,0,0,0,1,0,0,0,0,1,0,0,0,1,0,0,1,0,1,0,0,0,0,0,0,0,0,0,0,0,0,0,0,0,1,0,0,11395,3631,1,0.9602929839215913
-0.8948195213245489,-1.090130032374714,0.9428994823299512,1,-1.0399656435679563,0.5137172144885923,0.0,1.6602423062575467,6,69,0.17495357129118674,-0.9329391824293441,1,152,-1.6759029461707264,3,0,2,1,0,0.5476169674200383,0.9811559774330552,1.0055183668946441,0.2564549129622321,16,-1.5139238035647045,0,1,1,0,0,0,0,0,0,1,0,0,0,0,0,0,0,0,0,0,0,0,0,0,1,0,0,0,0,0,0,1,0,0,0,0,0,0,0,0,1,0,0,0,1,0,0,0,0,0,0,0,0,0,0,0,3784,3603,0,0.04435427557751447
0.7826302874797514,0.5546044763378901,-0.2687909318948636,0,-0.22238259044849376,-0.1239694528076872,0.0,-0.570795496215584,6,53,1.0328682502668247,0.9538505081700629,3,134,-1.244117577009598,1,1,0,1,1,-1.7684166087261124,-1.3986686359647718,-1.2856015251936401,-1.7830848870906344,21,-0.5160612504077055,0,0,0,0,0,0,0,0,0,0,0,0,0,1,0,0,0,0,0,0,0,0,0,0,0,1,0,0,0,1,0,0,0,0,1,0,0,0,0,0,0,0,1,0,0,0,0,1,0,0,0,0,0,0,0,0,12566,3540,0,0.0008882750875431345
0.600109841962185,0.22565757459536928,1.5877682626800527,2,-0.22238259044849376,0.6087507003337178,0.0,-0.7175183007425057,6,53,-0.9019267788874382,0.9538505081700629,2,134,0.6269523560219584,2,0,1,2,2,-0.3278596421197437,-0.7017346406544693,0.13072713537002648,-0.3098484756758236,13,1.6459742814324587,0,1,0,0,0,0,0,0,0,1,0,0,0,0,0,0,0,0,0,0,0,0,0,0,1,0,0,0,0,0,0,0,1,0,0,0,1,0,0,0,0,1,0,0,0,0,0,0,1,0,0,0,0,0,0,0,5440,3631,0,0.0024104375472746736
0.7044072394007943,0.8835513780804111,0.7133934666035917,0,-0.22238259044849376,-0.16448568471297517,0.0,1.5317569440051553,5,76,1.0759434642739696,0.9538505081700629,3,149,-0.524475295074384,1,1,1,1,1,-1.8972746378358638,-1.462212617890123,-1.477222461622842,-1.898040766729978,27,1.3133534303801258,1,0,0,1,0,0,0,0,0,0,0,0,0,0,0,0,0,0,0,0,0,0,0,1,0,0,0,0,0,1,0,0,0,0,0,0,1,0,0,0,1,0,0,0,0,0,0,1,0,0,0,0,0,0,0,0,12155,3510,0,0.0025968881773295823
-1.2250946132134786,-1.638374868612249,-0.46219824500519435,1,1.412783515790431,1.5049400133947255,0.0,-0.4408449989679168,2,54,-0.9019267788874382,0.9538505081700629,1,141,-0.6684037514614268,1,1,2,0,1,-1.7676586203195843,-1.3146265953538234,-1.3272582505043362,-1.7931501484415446,20,1.6459742814324587,0,1,0,0,0,0,0,0,0,0,0,0,0,0,1,0,0,0,0,0,0,0,0,1,0,0,0,0,0,1,0,0,0,0,0,0,1,0,0,0,0,0,0,0,0,0,0,0,0,0,0,0,0,0,1,0,11119,3601,0,0.008627189777728427
1.9472845588775556,1.6510941488129598,-0.20819960010765756,0,1.412783515790431,1.0313007193174113,0.0,-0.6670897495717691,5,72,-0.9019267788874382,0.0852152543846755,1,134,0.6269523560219584,3,1,1,0,0,0.9019765474718547,1.0918454943352796,-0.21085801217768133,1.032539538177154,23,0.6481117282754599,1,0,1,0,0,0,0,0,0,0,0,0,0,1,0,0,0,0,0,0,0,0,0,0,0,1,0,0,0,0,0,0,1,1,0,0,0,1,0,0,0,0,0,0,0,0,0,0,0,0,0,1,0,0,0,0,7587,3640,0,0.0033867670935383565
-1.0773399668421153,-1.309427966869728,-1.3730998684726452,0,-0.22238259044849376,0.8989724756634426,0.0,-0.8496037089832893,1,78,-0.9019267788874382,0.9538505081700629,0,145,0.19516698686083,1,2,1,0,2,0.0014863205166504494,0.6408882032521428,-0.4399700013865097,-0.05133018413665504,27,-0.1834403993553725,0,0,0,0,0,0,0,0,0,0,1,0,0,0,0,0,0,0,0,0,0,0,0,0,0,1,0,0,1,0,0,0,1,0,0,0,1,0,0,0,0,0,1,0,0,0,0,0,0,0,0,0,1,0,0,0,10473,3612,1,0.5904000596521755
0.24376040071360305,0.3353065418428762,-1.4139235117868798,0,-1.0399656435679563,-1.2905560852202973,0.0,-0.8520316469754609,1,54,-0.9019267788874382,-1.1251781320375855,1,134,-0.09268992591325557,1,2,2,3,0,0.9186522924154696,1.632994243635044,0.06407637487291278,0.8460673278866062,22,1.6459742814324587,1,0,1,0,0,0,0,0,0,0,0,0,0,1,0,0,0,0,0,0,0,0,1,0,0,0,0,0,1,0,0,1,0,0,0,1,0,0,0,0,0,0,1,0,0,0,0,0,0,0,0,0,0,0,1,0,4272,3612,0,0.005343091164036553
-1.2164031634269277,-1.199778999622221,-0.7916752877283534,2,-0.22238259044849376,0.8768764674378262,0.0,-0.3695417625311532,3,54,1.136966684117425,-0.890219415849735,1,134,-0.3805468386873412,3,1,2,1,1,0.2743621468667124,-0.4988038596670577,0.5431287159459176,0.37458929618607345,13,-1.347613378038538,0,0,1,0,0,0,0,0,0,0,0,0,0,0,0,0,0,0,1,0,0,0,0,1,0,0,0,0,0,0,0,0,1,1,0,0,0,0,0,0,1,0,0,0,0,0,0,0,1,0,0,0,0,0,0,0,12174,3618,0,0.005037815195807048
2.2688682009799344,2.5282858867930154,-0.0586867525610543,1,-1.0399656435679563,-1.0305253043072549,0.0,-0.5899399268205233,5,76,-0.9019267788874382,0.9538505081700629,1,149,-0.6684037514614268,1,1,0,3,0,-0.3487043232992624,-0.5316007535640132,-0.5316147970700411,-0.21449336814088438,32,1.6459742814324587,0,0,0,0,1,0,0,0,0,0,0,0,0,0,0,0,0,0,0,0,0,0,0,0,1,0,0,0,1,0,0,0,1,0,0,1,0,0,0,0,0,0,1,0,0,0,0,0,0,0,0,0,0,1,0,0,4422,3540,0,0.005308041612044951
1.9559760086641065,1.8703920833079737,1.0048141088761275,1,-0.22238259044849376,-0.5311968193582899,0.0,-0.5650186782342103,0,93,1.517464407847206,-0.6054209719856735,1,157,-1.6759029461707264,1,2,2,0,2,-0.503333958230964,-0.17493453243462304,-0.16920128686698524,-0.6149848197876291,28,-0.5160612504077055,0,1,1,0,0,0,0,0,0,0,0,0,0,0,0,0,0,0,1,0,0,0,0,0,1,0,0,0,1,0,0,1,0,0,0,0,0,0,0,0,0,0,1,0,0,0,0,0,0,0,0,0,0,1,0,0,9525,3634,0,0.004710657932617694
-0.694916176233881,-0.7611831306321933,0.8166104578032772,1,-0.22238259044849376,-0.24101634497851943,0.0,-0.7435837499917961,4,71,-0.9019267788874382,-0.5840610886958689,2,157,1.0587377251830867,3,1,0,2,2,0.7882782864926623,0.989355200907294,1.0138497119567833,0.5886085375422704,23,-1.680234229090871,0,0,0,0,0,0,0,0,0,0,0,0,1,0,0,0,0,0,0,0,0,0,1,0,0,0,0,0,0,0,1,0,0,0,0,1,0,0,0,0,0,1,0,0,1,0,0,0,0,0,0,0,0,0,0,0,11905,3610,0,0.00272198113790363
-1.01649981833626,-1.309427966869728,-0.8560535777522598,0,-1.0399656435679563,-0.8595393714959466,0.0,1.6709168612231287,5,72,-0.9019267788874382,0.9538505081700629,1,134,-1.3880460333966407,1,0,2,1,2,-0.6863881584074639,-0.232329096754295,-0.8836141259454229,-0.674316886698258,27,-1.5139238035647045,0,1,0,0,0,0,0,0,0,0,0,0,0,0,0,0,1,0,0,0,0,0,0,0,1,0,0,0,1,0,0,0,1,0,0,0,1,1,0,0,0,0,0,0,0,0,0,1,0,0,0,0,0,0,0,0,7619,3618,0,0.016627943513267268
0.8695447853452591,1.1028493125754248,0.2063691876607022,0,-0.22238259044849376,1.1124570859778504,0.0,-0.5306647510116443,6,74,-0.9019267788874382,0.9538505081700629,1,145,-1.3880460333966407,1,2,1,1,2,0.7810773966306468,1.210734234711743,-0.15045576047717202,0.8174607956261245,27,1.3133534303801258,1,0,0,0,0,0,1,0,0,0,0,0,0,0,0,0,0,0,0,0,0,0,0,0,1,0,0,0,1,0,0,0,1,0,0,1,0,0,0,0,0,0,0,0,0,0,0,0,0,0,0,0,1,0,0,0,8507,3641,0,0.0008870830196337786
1.6691581657079309,1.9800410505554806,-0.12382399104966428,0,-0.22238259044849376,0.45383083705468,0.0,-0.8795622312200273,2,63,-0.9019267788874382,0.15641486535069088,0,149,1.4905230943442151,3,2,2,1,1,-0.007609540361684948,0.8704664605308307,-0.32333117051656074,-0.1530422988405902,25,-1.680234229090871,1,0,1,0,0,0,0,0,0,0,1,0,0,0,0,0,0,0,0,0,0,0,0,1,0,0,0,0,0,0,1,0,0,0,0,1,0,0,0,0,0,0,0,0,0,0,0,0,0,0,0,0,1,0,0,0,11748,3632,1,0.9863208488426871
1.0781395802224778,0.993200345327918,0.3268824197688116,1,-1.0399656435679563,0.6398503156493975,0.0,-0.5070830544210121,5,69,0.7169833475477613,-0.213823111672589,0,134,0.7708808124090012,1,2,2,1,1,0.2516224946708739,-0.30612210802244466,0.9347019338664607,0.19341459186968896,22,1.4796638559062922,0,0,1,0,0,1,0,0,0,0,0,0,0,0,0,0,0,0,0,0,0,0,0,0,1,0,0,0,1,0,1,0,0,0,0,0,0,1,0,0,0,0,0,0,0,0,0,0,1,0,0,0,0,0,0,0,7029,3646,1,0.9709625001573574
-0.08651469117532652,0.22565757459536928,-1.1989153577580627,1,-1.0399656435679563,-0.21764000730431707,0.0,1.561478253909325,3,72,0.9826138339251554,-0.8724195131082311,1,157,0.7708808124090012,3,0,0,2,0,1.6349513365843822,1.2845272459798927,2.739479557952368,1.2566240408842613,27,-1.014992526986205,0,0,1,0,0,0,0,0,0,0,0,0,0,0,0,0,0,0,0,0,1,0,1,0,0,0,0,0,0,0,0,1,0,0,0,0,1,0,0,0,0,0,1,0,0,0,0,0,0,0,0,0,1,0,0,0,11651,3509,0,0.02735652925855797
-0.9382767702573028,-1.309427966869728,0.33802923209143226,0,-0.22238259044849376,1.54710828329819,0.0,-0.8915205235148036,2,71,-0.9019267788874382,0.9538505081700629,3,152,-1.1001891206225551,1,0,1,2,1,-1.77106956814896,-1.3863698007534135,-1.4001575197980543,-1.7608353619991486,31,0.3154908772231269,0,0,0,0,0,0,0,0,0,0,1,0,0,0,0,0,0,0,0,0,0,0,0,0,0,0,1,1,0,0,0,0,0,0,0,0,1,0,0,0,0,0,1,0,0,0,0,0,0,0,0,1,0,0,0,0,5805,3639,0,0.012521661444351606
-1.7291987008334238,-1.9673217703547698,0.12358542435688204,1,-1.0399656435679563,-1.4087594039898539,0.0,1.5502734596121193,2,76,-0.9019267788874382,0.9538505081700629,2,122,1.634451550731258,1,2,0,0,1,-0.46467654949803866,-0.6935354171802305,-0.6961588620472906,-0.29289645655850105,31,-1.1813029525123715,1,0,0,0,0,0,0,0,0,0,0,0,0,0,0,0,0,0,0,1,0,0,0,0,1,0,0,0,1,0,0,0,1,0,0,0,1,1,0,0,0,0,0,0,0,0,0,0,0,0,0,1,0,0,0,0,8093,3356,0,0.0011577077865792043
-0.46024703199701,-0.3225872616421655,-0.23689563616026998,1,1.412783515790431,-1.5937050578857563,0.0,-0.969633149262945,4,65,2.5010151276770163,-1.1287381125858864,1,141,0.051238530473787215,3,1,1,1,1,0.38502845421979304,0.8212711196853975,-0.34832520570297837,0.41485034158971446,24,-0.8486821014600384,0,1,0,0,0,0,0,0,0,0,0,0,0,1,0,0,0,0,0,0,0,0,0,0,1,0,0,0,0,0,0,0,1,0,0,0,1,0,0,0,0,1,0,0,0,0,0,1,0,0,0,0,0,0,0,0,7257,3510,0,0.010299378041727217
0.46104664537737255,0.11600860734786234,-0.5111251226964179,1,-1.0399656435679563,0.5097523232929676,0.0,1.4932308704627084,4,69,-0.9019267788874382,0.9538505081700629,0,149,-0.8123322078484696,3,0,0,2,2,-0.03603410560648306,0.40721033423633546,-0.5586916685219936,-0.013188141122679357,37,-0.5160612504077055,1,0,1,0,0,0,0,0,0,0,0,0,0,0,0,0,0,0,0,0,0,0,0,0,0,0,0,0,0,0,0,0,1,0,0,1,0,1,0,0,0,0,0,1,0,0,0,0,0,0,0,0,0,0,0,0,4559,3660,1,0.9478310481437567
1.0520652308628256,0.8835513780804111,1.3792987415779125,2,-0.22238259044849376,1.7914860041785063,0.0,-0.870492347915938,0,63,1.305677938978743,0.9538505081700629,0,157,-0.09268992591325557,1,2,0,3,1,0.7644016516870319,-0.16468550309182448,-0.15878710553931122,1.151733422595828,43,0.14918045169696045,1,0,0,0,0,0,0,0,0,0,0,0,1,0,0,0,0,0,0,0,0,0,1,0,0,0,0,0,1,0,0,0,1,1,0,0,0,0,0,0,0,1,0,0,0,0,1,0,0,0,0,0,0,0,0,0,6827,3648,0,0.4356744381304867
-0.39940688349115455,-0.6515341633846863,-1.0436422859665297,0,1.412783515790431,0.29283973413234216,0.0,-0.8411896480104187,0,54,-0.9019267788874382,-0.4203019834740335,2,141,-1.6759029461707264,1,0,0,0,0,-0.6731233612932248,-0.8062747399510146,-0.0817221637145235,-0.711399428517401,32,1.1470430048539593,0,1,0,0,0,0,0,0,0,0,0,0,0,0,0,0,0,0,1,0,0,0,0,1,0,0,0,0,1,0,0,0,1,0,0,1,0,0,0,0,1,0,0,0,0,0,0,0,0,0,0,0,0,1,0,0,4290,3571,0,0.03134326784120934
0.2611433002867046,0.22565757459536928,-0.993376545342701,0,-1.0399656435679563,-1.2594564699046176,0.0,-0.6389172966626055,3,72,1.2302963144662393,-1.844294202794341,0,134,-1.244117577009598,3,1,2,1,0,1.7251519569612082,1.575599679315372,0.03491666715542552,1.9956261242800402,24,0.3154908772231269,1,0,0,0,0,0,0,0,0,0,0,0,0,0,0,0,0,0,0,0,1,0,0,0,0,0,1,0,0,0,0,0,1,0,0,0,1,0,0,0,1,0,0,0,0,1,0,0,0,0,0,0,0,0,0,0,12657,3448,1,0.9719148899785939
-0.738373425166635,-1.309427966869728,-0.11886552774693429,1,1.412783515790431,-0.6561321929704171,0.0,1.585101811499822,2,72,0.07085513744058632,0.9538505081700629,0,145,0.6269523560219584,2,1,1,0,0,0.41534799048091103,-0.07244423900663739,2.739479557952368,-0.13397127733360237,20,0.14918045169696045,1,0,1,0,0,0,0,0,0,0,0,0,0,0,0,0,0,0,0,0,1,0,0,1,0,0,0,0,0,0,0,1,0,0,0,1,0,0,0,1,0,0,0,0,0,0,0,0,0,0,0,0,0,0,0,0,10108,3509,1,0.9560560537006724
0.521886793883228,0.22565757459536928,-0.47240318282290084,0,-1.0399656435679563,0.6393134032999896,0.0,-0.3685650058676359,6,85,1.09389147011028,0.9538505081700629,1,122,-1.1001891206225551,1,1,1,0,0,0.2891429207940074,0.7269800497316508,-0.39623043981027883,0.3173762316651099,15,-0.1834403993553725,0,1,1,0,0,0,0,0,1,0,0,0,0,0,0,0,0,0,0,0,0,0,0,0,0,1,0,0,1,0,0,1,0,0,0,1,0,0,0,1,0,0,0,0,1,0,0,0,0,0,0,0,0,0,0,0,8121,3448,1,0.7723855733636866
-0.5993102285818225,-0.9804810651272072,1.4292570107724512,2,1.412783515790431,0.34995894791930776,0.0,1.40215528842303,4,53,0.42981525416679467,-0.7015404467897942,1,134,0.914809268796044,3,1,0,1,1,-0.761429010653731,-0.30612210802244466,-0.9211051787250494,-0.7506009727262093,13,-0.349750824881539,1,0,0,0,0,0,0,0,0,0,0,0,0,0,0,0,0,0,1,0,0,0,0,0,0,0,1,0,0,0,0,1,0,0,0,0,0,0,0,0,0,0,1,0,0,0,0,0,1,0,0,0,0,0,0,0,5832,3643,0,0.0007966315648199708
-0.9208938706842013,-0.8708320978797003,-1.4597328627077055,0,-1.0399656435679563,-2.4143962344300807,0.0,-0.4592777925751506,5,93,-0.9019267788874382,0.01401564341866015,1,134,-1.244117577009598,1,0,2,0,0,0.42899178179841413,-0.06424501553239854,-0.056728128528105846,0.6309885853355767,24,-1.347613378038538,1,0,1,0,0,1,0,0,0,0,0,0,0,0,0,0,0,0,0,0,0,0,0,0,0,0,1,0,1,0,1,0,0,0,0,1,0,0,0,0,0,0,0,0,0,0,0,1,0,0,0,0,0,0,0,0,12791,3638,0,0.011769393544557343
-1.2424775127865801,-1.090130032374714,-1.4226144447185878,1,-0.22238259044849376,-0.5833186182007712,0.0,1.571203959544633,3,54,-0.9019267788874382,-1.3957366537084441,3,141,-0.23661838230029839,1,2,2,1,2,-1.7759964927913918,-1.4027682477018912,-1.4168202099223326,-1.7592461102068997,31,0.8144221538016264,1,0,1,0,0,0,0,0,0,0,0,0,0,0,0,0,1,0,0,0,0,0,0,0,0,1,0,1,0,0,0,0,0,0,1,0,0,0,0,0,0,1,0,0,0,0,0,0,0,0,0,1,0,0,0,0,10894,3661,0,0.005714216728169176
-1.6944329016872206,-1.638374868612249,-0.856477810483812,0,1.412783515790431,0.19805405398694295,0.0,-0.38882572980230923,6,93,0.9538970245870588,-0.23162301441409283,3,152,-0.8123322078484696,1,1,0,3,2,-1.774480515978336,-1.4130172770446898,-1.3147612329111273,-1.7804361341035528,32,-0.6823716759338719,0,0,0,0,0,0,0,0,0,0,0,1,0,0,0,0,0,0,0,0,0,0,0,1,0,0,0,0,0,1,0,0,0,0,1,0,0,0,0,0,0,0,0,1,0,0,0,0,0,0,0,0,0,0,0,0,8265,3631,0,0.0049779227724787226
-0.39940688349115455,-0.6515341633846863,-0.1430312252717777,0,-0.22238259044849376,2.0160392690807005,0.0,-0.9548283089773469,3,85,-0.9019267788874382,0.9538505081700629,2,157,-1.1001891206225551,3,1,0,1,1,-0.6200641728362684,-0.7775774577911787,-0.023402748279548986,-0.6594838699706007,35,-1.1813029525123715,0,1,1,0,0,0,0,0,0,0,0,0,0,0,1,0,0,0,0,0,0,0,0,0,0,1,0,0,0,0,0,1,0,0,0,0,0,0,0,0,0,0,1,0,0,0,0,0,0,0,0,0,0,0,0,1,4037,3479,0,0.031239625014736327
1.1650540780879857,0.8835513780804111,1.3152824115910187,2,-1.0399656435679563,-0.46689124027925477,0.0,1.4007459680942407,4,71,-0.9019267788874382,0.9538505081700629,2,152,-1.1001891206225551,1,2,2,1,0,0.2197869815967,0.4769037337673657,0.49314064557308235,0.05885794012594139,27,-0.5160612504077055,0,0,1,0,0,0,0,0,0,0,0,0,0,0,0,0,1,0,0,0,0,0,0,1,0,0,0,0,1,0,1,0,0,0,0,1,0,0,0,0,0,0,0,0,0,0,0,0,0,0,1,0,0,0,0,0,10736,3613,0,0.012417181044874737
-0.4167897830642561,-0.8708320978797003,-0.2749753888713455,0,1.412783515790431,-0.5056315313365033,0.0,-0.7579560266121222,6,71,-0.9019267788874382,0.9538505081700629,0,152,-1.244117577009598,1,0,2,0,0,0.2364627265403149,-0.3143213314966835,-0.3108341529233519,0.49113442761766585,21,1.3133534303801258,0,0,1,0,0,0,0,0,0,0,0,0,0,0,0,0,0,1,0,0,0,0,0,0,0,0,0,0,1,0,1,0,0,0,0,0,1,0,0,0,0,0,0,0,0,0,0,1,0,0,0,0,0,0,0,0,10337,3479,0,0.393988948785669
1.8342957116523955,1.4317962143179457,0.9671430207229694,1,-0.22238259044849376,-1.168842185704615,0.0,-0.45461726792351087,6,93,0.9072322094126517,0.9538505081700629,2,152,0.4830238996349156,2,2,1,3,2,-0.06332168824148926,0.08744061874102023,0.09740175512146963,-0.13556052912585134,22,-0.349750824881539,1,0,1,0,0,0,0,0,0,0,0,0,0,0,0,0,1,0,0,0,0,0,1,0,0,0,0,0,0,0,0,1,0,0,0,0,1,0,0,0,0,0,1,0,0,0,0,0,0,0,0,0,0,0,1,0,3609,3629,0,0.003013749397105938
1.816912812079294,1.7607431160604667,-1.6768466122206487,0,1.412783515790431,0.0507335654995186,0.0,-0.6707037492267831,4,71,-0.9019267788874382,-0.1497434618031752,2,145,0.4830238996349156,1,0,2,2,0,1.7206040265220406,0.15303440653493106,1.8678125808260526,1.8907355059916071,43,0.9807325793277929,1,0,1,0,0,0,0,1,0,0,0,0,0,0,0,0,0,0,0,0,0,0,0,0,1,0,0,0,1,0,1,0,0,0,0,0,0,0,0,0,0,0,1,0,0,0,1,0,0,0,0,0,0,0,0,0,12214,3643,1,0.9406030018391355
-1.2164031634269277,-1.528725901364742,1.4103883843268978,1,-0.22238259044849376,-1.2487182229164677,0.0,-0.38911875680136443,5,85,1.00774104209599,0.9538505081700629,0,149,1.4905230943442151,4,1,0,0,0,0.8655931039585132,1.0590486004383242,1.0846661449849666,0.6606546187908912,20,-0.017129973829206037,0,0,1,0,0,0,0,0,0,0,0,0,0,0,0,0,0,0,0,0,1,0,0,0,0,0,0,0,0,0,0,0,1,0,0,0,0,0,0,0,1,0,0,0,0,0,0,0,0,0,0,0,0,0,1,0,9092,3644,1,0.9422284486370832
-0.8774366217514473,-1.419076934117235,1.686443239221743,0,-1.0399656435679563,0.40608693890736725,0.0,-0.36337424188437245,4,78,1.477978795007323,0.9538505081700629,1,152,0.33909544324787283,2,1,2,2,0,-0.4608866074653989,-0.6914856113116707,-0.6940760257817558,-0.28865845177917043,33,0.8144221538016264,0,0,1,0,0,0,0,0,0,0,0,0,0,0,0,0,0,0,0,1,0,0,0,0,0,0,0,0,0,0,1,0,0,0,0,0,1,1,0,0,0,0,0,0,0,0,0,0,0,0,0,0,0,0,0,1,3916,3644,0,0.10623410662630718
0.2698347500732554,0.3353065418428762,-0.010230812122287915,0,-1.0399656435679563,-0.013985023079061317,0.0,-0.5432370046377742,5,76,0.47648006934120174,0.9538505081700629,2,145,1.4905230943442151,1,2,2,2,0,1.2980254898827086,0.09768964808381879,1.7553394224871732,1.3429733882631227,27,-0.5160612504077055,0,1,0,0,0,0,0,0,0,1,0,0,0,0,0,0,0,0,0,0,0,0,0,1,0,0,0,0,1,0,1,0,0,0,0,0,1,1,0,0,0,0,0,0,0,0,0,1,0,0,0,0,0,0,0,0,8264,3510,0,0.00617718447782212
0.8173960866259544,1.1028493125754248,-0.4030664294962644,1,-1.0399656435679563,0.8033194755690004,0.0,-0.563651218905286,1,71,0.8139025790638376,0.9538505081700629,1,157,0.7708808124090012,1,1,2,2,1,-0.9346293615453676,-0.9477113448816349,-0.3691535683583264,-0.9672689670694878,25,1.1470430048539593,0,1,0,0,0,0,0,0,0,0,1,0,0,0,0,0,0,0,0,0,0,0,0,0,1,0,0,0,1,0,1,0,0,0,0,0,0,1,0,0,0,0,0,0,0,0,0,0,0,1,0,0,0,0,0,0,5892,3610,0,0.002674627512680885
-1.207711713640377,-1.090130032374714,-0.27010644256701644,1,-0.22238259044849376,1.94281268481151,0.0,-0.6229543020474084,2,71,-0.9019267788874382,0.9538505081700629,3,141,0.33909544324787283,1,0,0,0,0,-1.726727246367075,-1.376120771410615,-1.2397791273518743,-1.7422940910895772,32,-1.014992526986205,0,0,1,1,0,0,0,0,0,0,0,0,0,0,0,0,0,0,0,0,0,0,0,0,1,0,0,0,0,1,0,0,0,0,1,0,0,0,0,0,0,1,0,1,0,0,0,0,0,0,0,0,0,0,0,0,12542,3634,0,0.0015669445535456147
0.2350689509270523,0.44495550909038317,0.4263669413395191,1,1.412783515790431,-1.1730961835499203,0.0,-0.8265243443910374,1,63,-0.9019267788874382,-1.1144981903926834,1,141,0.4830238996349156,3,2,2,2,2,0.9224422344481095,0.05669353071262453,1.6720259718657813,0.8497755820685206,37,0.8144221538016264,0,0,1,0,0,0,0,0,0,0,0,0,0,0,0,0,0,1,0,0,0,0,0,0,0,0,1,0,0,0,1,0,0,0,0,0,1,0,0,1,0,0,0,1,0,0,0,0,0,0,0,0,0,0,0,0,6781,3660,0,0.008305878550673327
-0.07782324138877574,0.006359640100355384,-1.0276693398170762,1,-0.22238259044849376,0.5660868190307989,0.0,-0.31802482536392596,6,93,0.8067233767293134,-0.4559017889570412,1,145,-0.9562606642355124,1,1,0,1,2,-1.8995486030554476,-1.425316112256048,-1.4397314088432156,-1.9202902918214637,27,0.6481117282754599,0,1,1,0,0,0,0,0,0,0,0,0,0,0,1,0,0,0,0,0,0,0,1,0,0,0,0,1,0,0,0,0,0,0,0,0,1,0,0,0,0,1,0,0,0,0,0,1,0,0,0,0,0,0,0,0,3798,3604,0,0.16084789880742825
-0.9643511196169552,-0.8708320978797003,0.2060266878407334,0,1.412783515790431,-0.9884396363036989,0.0,-0.9748099595795867,4,85,-0.9019267788874382,0.9538505081700629,0,152,1.3465946379571725,3,2,1,3,1,-0.17777793762720967,0.267823535174275,0.28069134648853233,-0.3887813146908566,28,1.4796638559062922,0,0,0,0,0,0,0,0,0,0,0,0,0,0,0,1,0,0,0,0,0,0,0,0,0,0,0,0,0,0,0,1,0,0,0,0,1,0,0,0,0,0,0,0,0,0,0,0,0,0,0,0,1,0,0,0,6205,3614,0,0.09575950502681371
1.738689764000337,1.5414451815654526,0.7519752929143942,1,-1.0399656435679563,-2.021128588964072,0.0,-0.4885665388140482,0,76,0.013421518764392982,-0.35266235305631893,3,149,-0.524475295074384,1,1,0,1,1,-1.666088173844839,-1.1629409610804047,-1.3564179582218234,-1.6829620241789482,32,-0.5160612504077055,1,0,1,0,0,0,0,0,0,0,0,0,0,0,0,0,0,1,0,0,0,0,1,0,0,0,0,1,0,0,0,0,0,0,0,0,1,0,0,0,0,0,1,0,0,0,0,0,0,0,0,0,0,1,0,0,3742,3648,0,0.0034368109617318996
-1.1207972157748691,-1.309427966869728,-1.5658260739864471,0,-0.22238259044849376,-0.47663826446849894,0.0,-0.4562777542514903,3,69,-0.9019267788874382,0.9538505081700629,1,141,0.4830238996349156,2,0,0,1,2,0.7155113994659792,-0.29997269041676555,0.9471989514596696,0.8370615677305286,22,0.4818013027492934,0,1,1,0,0,0,0,0,0,0,0,0,0,0,1,0,0,0,0,0,0,0,0,1,0,0,0,0,0,0,0,0,1,0,0,0,1,0,0,0,1,0,0,0,0,0,0,0,0,0,0,0,0,0,1,0,11412,3603,0,0.004102020353892456
-0.5819273290087209,-0.43223622888967245,-1.530396802836721,1,-1.0399656435679563,1.6988066724807827,0.0,-0.5669163768947582,3,85,0.8390297872346721,-1.445576381384655,1,122,-1.1001891206225551,1,2,1,1,1,-1.7494668985629136,-1.2777300897197488,-1.2897671977247096,-1.7867931412725488,25,-0.017129973829206037,1,0,1,0,0,0,0,0,0,0,0,0,0,0,0,1,0,0,0,0,0,0,0,0,0,0,0,1,0,0,0,0,0,0,0,0,1,0,0,0,0,0,1,0,0,0,0,0,0,1,0,0,0,0,0,0,5181,3570,0,0.006823699209496437
0.06123995519603672,-0.21293829439465853,-0.2457850633058236,1,1.412783515790431,0.16158531517718844,0.0,-0.9814519048915045,6,69,0.6128849136971609,-0.24942291715559667,2,145,1.4905230943442151,3,2,1,0,0,0.02649993793207279,-0.30612210802244466,-0.3025028078612127,0.19341459186968896,20,0.6481117282754599,0,1,0,0,0,0,0,0,0,0,0,0,0,0,0,0,0,0,1,0,0,0,1,0,0,0,0,0,0,0,1,0,0,0,0,0,1,0,0,0,0,0,1,0,0,0,0,0,1,0,0,0,0,0,0,0,4971,3632,0,0.0024772132661755523
-0.4515555822104592,-0.6515341633846863,0.5794410086051159,0,-0.22238259044849376,-0.9178563128315912,0.0,1.6256930277022772,3,69,-0.9019267788874382,0.9538505081700629,1,141,0.914809268796044,1,1,1,0,1,0.42216988613966255,-0.06834462726951797,-0.060893801059175454,0.6235720769717481,20,1.4796638559062922,1,0,0,0,0,0,0,0,0,0,1,0,0,0,0,0,0,0,0,0,0,0,0,0,0,0,0,0,1,0,1,0,0,1,0,0,0,1,0,0,0,0,0,0,0,0,0,0,0,0,0,0,0,0,0,0,8496,3509,0,0.0010565382142278129
0.5827269423890834,0.3353065418428762,-0.2318204115552779,0,-1.0399656435679563,-0.623710947256196,0.0,-0.5307066120115094,0,85,1.1154290771138526,-0.8261397659803211,0,141,0.051238530473787215,2,0,2,3,0,0.5893063297790755,1.0221520948042493,-0.24626622869177298,0.6225125757769154,37,-0.349750824881539,0,1,0,0,0,0,0,0,0,0,0,0,0,0,0,0,0,0,0,1,0,0,0,0,1,0,0,0,0,0,0,0,1,0,0,1,0,0,0,0,1,0,0,1,0,0,0,0,0,0,0,0,0,0,0,0,4896,3611,1,0.753531940482645
-1.4510723076637988,-1.528725901364742,-0.4870761864738365,0,-0.22238259044849376,-0.14594155818343957,0.0,1.6220511207140198,5,63,0.8677465965727689,0.9538505081700629,1,122,-1.1001891206225551,3,2,0,0,2,-0.0655956534610731,-0.3614668664735569,0.8222287755275813,-0.20707685977705576,20,-1.5139238035647045,0,1,0,0,0,0,0,0,0,0,0,1,0,0,0,0,0,0,0,0,0,0,1,0,0,0,0,0,0,0,0,1,0,0,0,0,0,0,0,0,1,0,0,0,0,0,0,0,0,0,0,0,0,1,0,0,7952,3638,0,0.010591147609037944
-0.7470648749531856,-1.199778999622221,-1.0229249389018267,2,1.412783515790431,-0.20297817007049737,0.0,-0.9532934056489626,2,54,-0.9019267788874382,-1.075338404361375,0,149,1.4905230943442151,2,1,1,0,0,0.8125339155015567,-0.0027508394756071497,1.5512214684647627,0.7422362107930057,33,-1.347613378038538,1,0,0,0,0,0,1,0,0,0,0,0,0,0,0,0,0,0,0,0,0,0,0,0,1,0,0,0,0,0,1,0,0,0,0,0,0,0,0,0,0,0,1,0,0,0,0,0,0,0,0,0,0,0,0,1,12066,3659,0,0.19374111559488152
0.2350689509270523,0.44495550909038317,-1.3349267067197599,0,1.412783515790431,0.31051654071283474,0.0,-0.4403984816360232,5,65,-0.9019267788874382,0.9538505081700629,1,145,0.051238530473787215,1,0,1,2,1,0.537763118135175,0.5875932506695902,0.6056138039119617,0.4461056268372779,30,1.6459742814324587,1,0,0,0,0,0,0,0,0,0,0,0,0,0,0,0,0,1,0,0,0,0,1,0,0,0,0,0,1,0,0,1,0,0,0,0,1,1,0,0,0,0,0,0,0,1,0,0,0,0,0,0,0,0,0,0,5376,3613,0,0.008231183225481208
-0.0952061409618773,0.11600860734786234,-0.9125115594393879,0,-1.0399656435679563,-0.09357195364123286,0.0,-0.6104936777542519,1,54,-0.9019267788874382,0.9538505081700629,2,141,1.634451550731258,3,0,2,1,2,0.43581367745716565,-1.5237067939469142,1.4345826375948136,0.6384050936994053,24,-1.014992526986205,0,1,0,0,0,0,0,1,0,0,0,0,0,0,0,0,0,0,0,0,0,0,0,0,0,0,0,0,0,0,0,0,1,0,0,0,0,0,0,1,0,0,0,0,0,0,0,1,0,0,0,0,0,0,0,0,7258,3603,1,0.721060147707343
-0.9035109711110997,-0.6515341633846863,-0.15095931769537346,1,-1.0399656435679563,-0.54482613284325,0.0,-0.5830747228426588,1,65,1.513874806679944,0.9538505081700629,1,149,-1.1001891206225551,1,1,1,2,1,-0.4533067234001194,-0.12983880332630937,-0.12337888902521957,-0.5683667672149921,23,-0.1834403993553725,0,1,1,0,0,0,0,0,0,0,0,1,0,0,0,0,0,0,0,0,0,0,1,0,0,0,0,0,1,0,0,1,0,0,0,1,0,0,0,0,0,0,0,0,1,0,0,0,0,0,0,0,0,0,0,0,7207,3605,0,0.016027166906429392
-1.4336894080906972,-0.8708320978797003,0.5575794007782444,1,1.412783515790431,0.4559371855023555,0.0,-0.5845538115045564,2,54,-0.9019267788874382,0.3949335620868423,0,145,0.33909544324787283,3,0,1,0,1,-0.0023036215159892995,0.6367885915150233,0.655601874284797,-0.3342170031569747,16,1.4796638559062922,0,0,0,0,0,0,0,0,0,0,0,0,0,0,0,0,1,0,0,0,0,0,0,0,0,0,0,0,0,0,0,1,0,1,0,0,0,0,0,0,0,0,0,0,1,0,0,0,0,0,0,0,0,0,0,0,8017,3634,1,0.9711845867116479
-1.4249979583041463,0.006359640100355384,-0.3798503905631527,2,-0.22238259044849376,-0.03409858570686449,0.0,1.4578443719101384,1,76,-0.9019267788874382,-0.23162301441409283,1,122,-0.524475295074384,1,1,0,2,0,-1.667604150657895,-1.2244351371371962,-1.2356134548208046,-1.699914043296271,18,1.3133534303801258,1,0,0,0,0,0,0,0,0,0,0,0,1,0,0,0,0,0,0,0,0,0,0,0,1,0,0,1,0,0,0,0,0,0,0,0,1,0,0,0,0,1,0,0,1,0,0,0,0,0,0,0,0,0,0,0,8688,3660,0,0.006505754465877354
1.3215001742458996,1.6510941488129598,1.4287627212595417,2,-1.0399656435679563,-1.4216039994256793,0.0,-0.5557953045972825,1,85,1.1979899039608806,-0.612540933082275,0,145,1.634451550731258,3,1,2,1,0,0.6059820747226904,1.038550541752727,1.0638377823296186,0.30837047150903235,32,0.3154908772231269,0,1,1,0,0,0,0,0,0,0,0,0,0,0,0,0,0,0,0,0,0,1,0,0,0,0,1,0,0,0,1,0,0,0,0,1,0,0,0,0,1,0,0,1,0,0,0,0,0,0,0,0,0,0,0,0,5943,3388,1,0.9693520095093228
-0.04305744224257262,-0.21293829439465853,1.6993920676426086,1,-1.0399656435679563,0.023020628080101142,0.0,-0.3711603878592676,3,78,0.8390297872346721,0.9538505081700629,0,149,-1.1001891206225551,1,0,0,3,1,0.28080504832219993,0.7187808262574118,0.7389153249061892,0.019126645319716713,31,0.9807325793277929,1,0,1,0,0,0,0,0,0,0,0,0,0,0,0,0,0,0,0,0,1,0,0,0,0,0,1,0,1,0,1,0,0,0,0,0,0,0,0,0,0,0,0,0,0,0,0,0,0,0,0,1,0,0,0,0,10028,3449,1,0.9666258603177175
-1.1207972157748691,-1.528725901364742,-1.712704008145336,2,-0.22238259044849376,0.5507641665977082,0.0,-0.4010212344296539,0,71,-0.9019267788874382,0.9538505081700629,2,157,1.634451550731258,2,0,2,3,2,0.4676491905313396,-0.18928317351454105,-0.18378114072572888,0.7496527191568344,25,0.9807325793277929,0,0,0,0,0,0,0,0,0,0,0,0,1,0,0,0,0,0,0,0,0,0,0,0,0,0,0,0,0,0,0,0,1,0,0,1,0,0,0,0,0,0,1,0,0,0,0,0,0,0,0,0,1,0,0,0,5080,3644,0,0.00025812542733959063
-0.46024703199701,-0.21293829439465853,1.4999404111185104,1,-1.0399656435679563,0.4539547399045432,0.0,-0.3490717335971547,0,63,0.6774977347078784,0.9538505081700629,2,152,0.33909544324787283,3,1,1,2,2,0.24025266857295463,-0.3122715256281238,-0.3087513166578171,0.49537243239699646,24,-1.1813029525123715,1,0,0,0,0,0,0,0,1,0,0,0,0,0,0,0,0,0,0,0,0,0,0,0,0,1,0,0,0,0,0,1,0,1,0,0,0,0,0,0,1,0,0,0,0,0,0,0,0,0,0,1,0,0,0,0,4466,3616,1,0.7478020183990706
-0.4863213813566623,-0.9804810651272072,0.8876363579693052,0,-1.0399656435679563,0.8868712973267967,0.0,1.4003831727620772,5,53,1.1620938922882595,-2.378291285039456,1,134,-1.1001891206225551,3,1,2,2,1,-0.7686299005157465,-0.6914856113116707,-0.6940760257817558,-0.7188159368812296,37,-1.347613378038538,0,1,0,0,0,0,1,0,0,0,0,0,0,0,0,0,0,0,0,0,0,0,0,0,1,0,0,0,0,0,0,0,1,0,0,0,1,0,0,0,0,0,0,0,0,0,1,0,0,0,0,0,0,0,0,0,8307,3647,0,0.004540077528504911
-0.8426708226052443,-0.8708320978797003,-0.7381207704241425,1,-1.0399656435679563,-0.07139334351570764,0.0,-0.345443780275519,2,78,0.6559601277043059,-2.292851751880238,1,157,0.051238530473787215,1,2,0,1,1,1.3999749305607179,1.3050253046654898,1.3346064968491431,1.280462817767996,32,0.6481117282754599,1,0,0,0,0,0,0,0,0,0,0,0,0,0,0,1,0,0,0,0,0,0,1,0,0,0,0,0,1,0,0,0,1,1,0,0,0,0,0,0,1,0,0,1,0,0,0,0,0,0,0,0,0,0,0,0,4894,3632,0,0.037215300370093345
0.33936634836566165,0.44495550909038317,-0.695288832711,2,-1.0399656435679563,0.21160076557199334,0.0,-0.4894595734778355,0,93,-0.9019267788874382,-1.7410547668936185,0,134,-0.23661838230029839,3,0,0,1,1,-0.5772378278674392,-0.6689377467575139,-0.671164826860873,-0.46294639832914264,42,0.4818013027492934,1,0,0,0,1,0,0,0,0,0,0,0,0,0,0,0,0,0,0,0,0,0,0,0,1,0,0,0,0,0,1,0,0,0,0,0,0,0,0,0,1,0,0,0,0,0,0,0,0,1,0,0,0,0,0,0,6888,3634,1,0.9347705155782519
2.3818570482050947,2.5282858867930154,-0.7793297260358419,1,-1.0399656435679563,-1.740777740673454,0.0,1.4123693723900967,0,65,1.2374755168007634,0.9538505081700629,1,141,0.7708808124090012,3,1,1,1,1,-0.7136757410424701,-1.5237067939469142,-0.754478277482265,-0.41156059037975873,16,-1.1813029525123715,0,1,0,0,0,0,0,0,0,0,0,0,0,0,0,0,0,1,0,0,0,0,0,0,0,1,0,0,0,0,0,0,1,1,0,0,0,0,0,0,0,0,1,0,1,0,0,0,0,0,0,0,0,0,0,0,12561,3629,0,0.0028183293819358845
-1.7639644999796267,-0.6515341633846863,-1.4954579291564956,1,-1.0399656435679563,-1.4586922524847499,0.0,-0.6981087504717546,2,72,-0.9019267788874382,0.9538505081700629,1,145,-1.5319744897836836,3,0,1,0,0,-0.7981914483703366,-0.22412987328005615,-0.8794484534143533,-0.833771816520573,22,0.14918045169696045,0,0,0,0,0,0,0,0,0,0,0,0,0,0,0,0,0,0,0,0,0,1,1,0,0,0,0,0,0,0,0,1,0,0,0,0,1,1,0,0,0,0,0,0,0,0,0,0,0,0,0,0,0,0,1,0,10705,3643,0,0.0021320108333293597
0.05254850540948594,-0.10328932714715157,1.574881706953727,1,-1.0399656435679563,-1.0613771139232084,0.0,1.590920490481061,3,78,-0.9019267788874382,0.9538505081700629,1,157,-0.8123322078484696,1,0,1,2,1,-1.6721520810970627,-1.2285347488743155,-1.3897433384703801,-1.6660100050616258,20,0.4818013027492934,1,0,1,0,0,0,0,0,0,0,0,1,0,0,0,0,0,0,0,0,0,0,0,1,0,0,0,0,0,1,0,0,0,0,0,0,1,0,0,0,0,1,0,0,0,0,0,0,0,0,0,0,0,0,0,0,9518,3649,0,0.04631870884498759
2.208028052474079,2.5282858867930154,-0.04786687188476751,2,1.412783515790431,0.4147188374478421,0.0,-0.8302499733790248,0,54,-0.9019267788874382,0.9538505081700629,0,152,-1.3880460333966407,1,0,0,1,2,-0.21908830578298294,-0.45370813055874404,-0.4524670189797185,-0.07357970922814086,32,-1.1813029525123715,0,0,1,0,0,0,0,0,0,0,0,0,0,0,0,0,0,0,0,0,0,0,0,0,0,0,1,0,1,0,0,1,0,0,0,1,0,1,0,0,0,0,0,1,0,0,0,0,0,0,0,0,0,0,0,0,4801,3605,1,0.5681122071296768
2.3557826988454424,2.4186369195455084,0.24027666983761245,2,-1.0399656435679563,0.038054173863511245,0.0,1.5529246562702377,5,54,-0.9019267788874382,-1.164337918068894,0,149,1.634451550731258,1,2,0,2,0,0.43922462528654144,0.5056010159272016,0.5223003532905696,0.35075051930233864,27,-1.1813029525123715,0,0,0,0,0,0,0,0,0,0,0,0,0,0,0,1,0,0,0,0,0,0,0,0,0,0,1,0,1,0,1,0,0,1,0,0,0,0,0,0,1,0,0,0,0,0,0,0,0,0,1,0,0,0,0,0,7337,3613,1,0.9286235261402703
2.008124707383411,2.0896900178029876,0.9348429524738672,0,1.412783515790431,-0.4570203132401484,0.0,-0.4106632180652319,3,76,-0.9019267788874382,-0.4701417111502443,2,149,1.0587377251830867,3,0,1,1,2,-0.42715612337490516,0.3662142168651412,-0.5795200311773415,-0.543998239733841,27,-0.1834403993553725,1,0,1,0,0,0,0,0,0,0,0,0,0,0,1,0,0,0,0,0,0,0,1,0,0,0,0,0,0,0,0,1,0,0,0,1,0,1,0,0,0,0,0,0,0,0,0,0,0,0,1,0,0,0,0,0,9917,3388,0,0.0049857850119458605
0.6261841913218373,0.8835513780804111,1.000470588431978,0,-0.22238259044849376,1.9311658169243622,0.0,1.5976601114593305,6,74,-0.9019267788874382,0.9538505081700629,1,152,1.634451550731258,3,2,0,0,0,0.49342079635328984,-0.2979228845482058,0.9513646239907392,0.5250384658523108,24,1.4796638559062922,1,0,1,0,0,0,0,0,0,0,0,0,0,0,0,0,0,0,0,0,0,1,0,0,1,0,0,0,0,0,0,1,0,0,0,0,1,1,0,0,0,0,0,0,0,1,0,0,0,0,0,0,0,0,0,0,11528,3327,0,0.024670647927652452
-0.7905221238859396,-1.090130032374714,1.763859874664916,1,1.412783515790431,-0.680541054393481,0.0,1.3953458991116523,6,76,0.3939192424941738,-0.552021263761162,1,157,0.4830238996349156,3,0,0,2,2,-0.1065270274135824,-0.3860645368962735,-0.38373342221707,0.048792678775031136,23,-0.1834403993553725,0,1,1,0,0,0,0,0,0,0,0,1,0,0,0,0,0,0,0,0,0,0,1,0,0,0,0,0,0,0,0,1,0,0,0,1,0,1,0,0,0,0,0,0,0,0,0,0,0,0,0,1,0,0,0,0,6218,3541,0,0.10471140881381161
-1.007808368549709,-0.9804810651272072,-0.6745948379067493,0,-0.22238259044849376,0.7490913282788445,0.0,1.5791156885191233,1,72,0.6344225207007334,-0.8688595325599303,2,122,-1.244117577009598,1,1,2,0,2,0.12276446556112242,1.346021422036684,-1.5397075495888861,0.21566411696117477,30,-0.349750824881539,1,0,0,0,0,0,0,0,0,0,0,0,0,0,0,0,0,1,0,0,0,0,0,0,0,0,0,0,1,0,0,0,1,1,0,0,0,0,0,0,1,0,0,0,0,1,0,0,0,0,0,0,0,0,0,0,11934,3606,0,0.0010012157290850896
0.13946300327499372,0.3353065418428762,0.7030639833968056,0,-0.22238259044849376,0.10413569379058679,0.0,1.6548561909415798,1,53,0.3005896121453597,-0.8083398632388172,1,145,1.2026661815701296,4,1,0,2,2,-0.19028474633492085,-0.6340910469919988,-0.6357566103467813,0.05991744132077404,22,-0.017129973829206037,1,0,1,0,0,0,0,0,0,0,0,0,1,0,0,0,0,0,0,0,0,0,0,1,0,0,0,0,0,0,0,1,0,1,0,0,0,0,0,0,1,0,0,0,0,0,0,0,1,0,0,0,0,0,0,0,11112,3618,0,0.007191260664721532
1.0781395802224778,0.773902410832904,-1.4460406539957713,2,-1.0399656435679563,0.23993321724072658,0.0,-0.6010609991179989,4,85,-0.011705689406441601,0.9538505081700629,2,141,-1.6759029461707264,1,0,2,3,0,0.6643471820253425,1.095945106072399,-0.2087751759121465,0.6987966618048668,28,-1.1813029525123715,0,0,0,0,0,0,0,0,0,0,1,0,0,0,0,0,0,0,0,0,0,0,1,0,0,0,0,0,1,0,0,1,0,0,0,1,0,0,0,0,0,0,1,0,0,0,0,0,0,0,0,0,1,0,0,0,10431,3608,0,0.0009152129897784257
-0.616693128154924,-0.9804810651272072,1.4568515985403914,2,-0.22238259044849376,-0.10530142342828844,0.0,-0.5812049315153542,1,65,-0.9019267788874382,-0.17466332564128056,1,134,1.0587377251830867,3,1,1,2,0,-0.9217435586343924,-0.8759681394820449,-0.8815312896798881,-0.8374800707024872,37,0.3154908772231269,1,0,1,0,1,0,0,0,0,0,0,0,0,0,0,0,0,0,0,0,0,0,0,0,0,0,0,0,0,0,1,0,0,1,0,0,0,0,0,0,1,0,0,0,0,0,1,0,0,0,0,0,0,0,0,0,7050,3660,0,0.001299182380937336
-1.2424775127865801,-1.748023835859756,-0.44435711801954736,0,-1.0399656435679563,-0.597980455434591,0.0,-0.7305789327003942,3,76,1.0579954584376592,0.9538505081700629,0,134,-0.8123322078484696,1,0,1,2,0,-0.41351233205740207,-0.5705470650666477,-0.5711886861152023,-0.28495019759725615,32,-1.347613378038538,0,0,1,0,0,1,0,0,0,0,0,0,0,0,0,0,0,0,0,0,0,0,0,1,0,0,0,0,1,0,0,0,1,1,0,0,0,0,0,1,0,0,0,0,0,0,0,0,0,0,0,0,0,1,0,0,6338,3606,0,0.3539811172820794
1.4084146721114075,1.2124982798229318,0.9928305072206287,2,-0.22238259044849376,1.259281963065822,0.0,-0.5364834299928831,2,54,-0.14093133142787662,0.9538505081700629,1,152,-0.9562606642355124,3,2,1,3,1,0.6643471820253425,1.095945106072399,1.122157197764593,0.3602860300558326,18,1.1470430048539593,1,0,0,1,0,0,0,0,0,0,0,0,0,0,0,0,0,0,0,0,0,0,0,0,0,0,0,0,0,0,0,1,0,0,0,0,1,1,0,0,0,0,0,0,0,0,0,0,0,0,1,0,0,0,0,0,12574,3571,0,0.0006358710829816676
-1.5032210063831035,-0.3225872616421655,0.5181530010477462,2,1.412783515790431,0.2549667630241367,0.0,1.4028111107542487,1,85,-0.9019267788874382,-1.844294202794341,3,152,-0.3805468386873412,1,1,0,1,2,-1.8214757971830688,-1.3310250423023011,-1.4418142451087503,-1.8350004456374347,37,-0.5160612504077055,0,0,0,0,0,0,0,0,0,0,0,0,0,1,0,0,0,0,0,0,0,0,1,0,0,0,0,1,0,0,0,0,0,0,1,0,0,0,0,0,0,0,1,0,0,0,1,0,0,0,0,0,0,0,0,0,9279,3632,0,0.0007515666144730205
0.09600575434223983,0.3353065418428762,-0.10479968286776147,2,-1.0399656435679563,2.446271264755916,0.0,-0.9171115480989571,3,72,-0.9019267788874382,-0.7905399604973135,0,145,1.2026661815701296,3,2,2,2,2,0.597265208047619,0.8171715079482781,-0.35040804196851316,0.7130999279351077,32,-0.349750824881539,0,1,1,0,0,0,0,0,0,0,0,0,0,0,0,0,0,0,0,0,1,0,0,0,1,0,0,0,0,0,1,0,0,1,0,0,0,0,0,0,0,0,1,0,0,0,0,0,0,0,0,0,0,1,0,0,5917,3509,0,0.4182747194140273
-0.2168864379735882,-0.7611831306321933,1.404145546699285,2,1.412783515790431,-0.04058283484970852,0.0,-0.8506641876465366,6,71,-0.9019267788874382,0.9538505081700629,1,152,-0.23661838230029839,1,0,0,1,0,0.012856146614569696,-0.3143213314966835,-0.3108341529233519,0.17858157514203174,20,0.14918045169696045,0,1,0,0,0,0,0,0,0,0,0,0,0,0,1,0,0,0,0,0,0,0,0,0,1,0,0,0,1,0,1,0,0,1,0,0,0,1,0,0,0,0,0,0,0,0,0,0,0,0,0,0,0,1,0,0,10252,3634,0,0.0020553005267137186
-0.9122024208976505,-1.199778999622221,-0.6861580988741047,0,-1.0399656435679563,0.30514741721876004,0.0,1.5551293355964624,4,85,-0.9019267788874382,0.9538505081700629,2,149,-1.244117577009598,1,1,2,2,2,-0.10842199842990227,-0.5008536655356174,0.538963043414848,-0.15886955541216982,37,-1.1813029525123715,0,1,1,1,0,0,0,0,0,0,0,0,0,0,0,0,0,0,0,0,0,0,0,0,0,0,1,0,1,0,1,0,0,0,0,1,0,1,0,0,0,0,0,0,0,0,1,0,0,0,0,0,0,0,0,0,6379,3640,0,0.1356099556372869
0.5740354926025326,0.5546044763378901,0.604365654594663,2,1.412783515790431,-0.9315682282164591,0.0,-0.9101905294546059,0,93,0.792364972060265,0.9538505081700629,0,145,1.2026661815701296,3,0,1,0,1,-0.6390138829994672,-0.051946180321040265,-0.7919693302618915,-0.6780251408801722,37,0.3154908772231269,0,0,0,0,0,0,0,0,0,0,0,0,0,0,0,1,0,0,0,0,0,0,0,1,0,0,0,0,0,0,0,1,0,0,0,0,0,0,0,0,0,0,0,1,0,0,0,0,0,0,0,0,0,0,0,0,7918,3601,0,0.02866196774750169
0.00039980669018126864,0.11600860734786234,0.37747898408238295,1,-0.22238259044849376,1.8061891423622805,0.0,-0.7428721129940907,2,63,0.6774977347078784,0.21337455412350315,1,122,-0.8123322078484696,1,0,1,0,0,0.02422597271248894,-0.4291104601360275,-0.4274729837933009,0.25380615997515044,20,-0.349750824881539,0,1,1,0,0,0,0,0,0,0,0,0,0,0,0,0,1,0,0,0,0,0,0,1,0,0,0,0,1,0,1,0,0,0,0,0,1,1,0,0,0,0,0,0,0,0,0,0,1,0,0,0,0,0,0,0,11877,3418,0,0.0018132174323288604
0.03516560583638438,-0.3225872616421655,1.0344520194336542,1,-1.0399656435679563,-0.4254663874749694,0.0,-0.9558748339739725,0,74,-0.9019267788874382,0.9538505081700629,2,152,0.6269523560219584,3,2,1,0,2,-0.08568234623406377,0.546597133298396,-0.48787523549381023,-0.136620030320684,20,-0.1834403993553725,0,0,1,0,0,0,0,0,0,0,0,0,0,0,0,0,0,0,0,0,0,0,0,1,0,0,0,0,0,0,0,0,1,0,0,1,0,0,0,0,1,0,0,0,0,0,0,0,0,0,0,0,0,0,0,0,8971,3609,0,0.0017138374175534308
-0.5558529796490685,-0.43223622888967245,-1.5191682576025167,0,-0.22238259044849376,1.0914762034010042,0.0,-0.42804948667584003,2,74,-0.9019267788874382,-0.5733811470509665,3,149,-0.9562606642355124,1,0,0,2,2,-1.89121073058364,-1.417116888781809,-1.4855538066849812,-1.8991002679248106,24,-1.347613378038538,0,1,0,0,0,0,0,1,0,0,0,0,0,0,0,0,0,0,0,0,0,0,0,0,0,0,1,1,0,0,0,0,0,0,1,0,0,0,0,0,1,0,0,0,0,1,0,0,0,0,0,0,0,0,0,0,6138,3641,1,0.8270752822804954
0.4349722960177202,0.11600860734786234,-0.3219718130318358,1,-1.0399656435679563,0.5550181644430144,0.0,-0.6627362055858063,1,69,-0.9019267788874382,-1.6947750197657085,1,134,1.634451550731258,1,0,2,2,0,0.02649993793207279,0.4687045102931269,-0.5274491245389715,0.050381930567280124,35,0.6481117282754599,0,0,1,0,0,1,0,0,0,0,0,0,0,0,0,0,0,0,0,0,0,0,0,0,0,0,1,0,1,0,1,0,0,0,0,1,0,1,0,0,0,0,0,0,0,0,0,0,0,0,0,0,0,0,0,1,10854,3603,0,0.007610844771116859
0.00039980669018126864,0.11600860734786234,-0.02368949822969789,0,-1.0399656435679563,-0.0012643304930986345,0.0,-0.7382115883424509,3,76,-0.9019267788874382,0.9538505081700629,1,145,-0.23661838230029839,3,2,1,2,2,-0.4191972451063617,0.18583130043188645,0.19737789586714022,-0.6838523974517519,27,1.3133534303801258,0,0,0,0,0,0,0,0,0,0,0,0,1,0,0,0,0,0,0,0,0,0,1,0,0,0,0,0,0,0,0,0,1,0,0,1,0,0,0,0,1,0,0,0,0,0,0,0,0,0,0,0,1,0,0,0,12401,3480,0,0.0019265347448548878
-0.5819273290087209,-0.43223622888967245,0.38719741647399736,2,-1.0399656435679563,-0.6171853971633977,0.0,-0.3118154437172802,2,63,-0.9019267788874382,-0.658820680210185,1,141,1.3465946379571725,1,1,0,0,2,-1.8745349856400253,-1.4007184418333314,-1.4147373736567979,-1.898040766729978,28,0.4818013027492934,0,1,0,0,0,0,0,0,0,0,0,0,0,0,1,0,0,0,0,0,0,0,0,0,0,0,0,0,0,1,0,0,0,0,0,0,1,0,0,0,0,1,0,0,0,0,0,0,0,0,0,0,1,0,0,0,12303,3570,0,0.0008303889026256353
0.6261841913218373,0.773902410832904,-1.5776734541226403,1,-1.0399656435679563,0.7943571694288905,0.0,-0.9799309552297417,5,93,-0.9019267788874382,-0.8261397659803211,3,141,-0.6684037514614268,1,0,0,1,1,-1.774480515978336,-1.3884196066219732,-1.402240356063589,-1.764543616181063,22,1.6459742814324587,0,0,0,0,0,1,0,0,0,0,0,0,0,0,0,0,0,0,0,0,0,0,0,0,0,0,0,1,0,0,0,0,0,0,0,0,1,0,0,0,1,0,0,0,0,0,0,0,0,0,0,0,0,0,1,0,7226,3610,0,0.005064520820085514
0.21768605135395072,0.22565757459536928,-0.652507491562171,1,1.412783515790431,-0.6150377477657678,0.0,-0.46064525190407485,6,78,1.4456723845019643,0.9538505081700629,0,149,1.634451550731258,1,1,1,3,1,0.37441661652840175,0.6162905328294263,0.634773511629449,0.20295010262318286,18,0.6481117282754599,0,1,1,0,0,0,0,1,0,0,0,0,0,0,0,0,0,0,0,0,0,0,1,0,0,0,0,0,1,0,0,0,1,0,0,1,0,1,0,0,0,0,0,0,0,0,0,0,0,0,1,0,0,0,0,0,9521,3639,1,0.8899833832073734
1.5214035193365676,1.6510941488129598,-0.16044811952587246,0,-1.0399656435679563,-0.022080009270127283,0.0,-0.7460256416505894,0,93,0.5841681043590642,0.9538505081700629,2,134,0.33909544324787283,1,0,0,1,1,0.8792368952760163,-0.22617967914861586,-0.22127219350535535,1.3440328894579554,25,0.8144221538016264,0,0,0,0,0,0,0,0,0,0,0,0,0,1,0,0,0,0,0,0,0,0,1,0,0,0,0,0,1,0,1,0,0,0,0,0,0,0,0,0,0,0,1,0,0,0,0,0,0,1,0,0,0,0,0,0,8414,3616,0,0.0005344067281729159
-0.06044034181567418,0.22565757459536928,-0.17747580943909355,2,-0.22238259044849376,0.2819775842943287,0.0,-0.3149968797070223,6,85,-0.9019267788874382,-1.3423369454839327,0,122,-0.8123322078484696,1,1,2,2,2,0.8959126402196312,1.6083965732123273,0.05157935727970395,0.8238178027951204,35,-1.347613378038538,0,1,0,1,0,0,0,0,0,0,0,0,0,0,0,0,0,0,0,0,0,0,1,0,0,0,0,0,1,0,1,0,0,0,0,0,1,0,0,0,0,0,0,0,0,0,0,0,0,0,0,0,0,0,0,1,10423,3388,1,0.6792741779978905
-1.5206039059562049,-0.7611831306321933,0.48094117401681885,0,-0.22238259044849376,1.9245989658816094,0.0,-0.6628199275855363,2,71,-0.9019267788874382,0.18845469028539777,0,149,1.4905230943442151,1,0,0,2,0,0.9148623503828299,0.052593918975505104,0.06199353860737797,1.249737283117849,42,-1.680234229090871,0,1,1,0,0,0,0,0,0,0,0,0,0,0,0,0,0,0,0,0,0,0,0,0,0,0,1,0,1,0,0,0,1,0,0,1,0,0,0,0,0,0,1,0,0,0,0,0,0,1,0,0,0,0,0,0,8286,3649,0,0.12845460733548358
-0.5558529796490685,-0.9804810651272072,-0.0959258238958428,0,-1.0399656435679563,0.4034849790602391,0.0,-0.8712597995801302,1,65,2.7056223942109554,0.9538505081700629,1,149,-1.1001891206225551,4,0,0,0,0,0.28080504832219993,-0.4024629838447512,0.7389153249061892,0.3089002221064487,31,0.14918045169696045,0,0,0,0,0,1,0,0,0,0,0,0,0,0,0,0,0,0,0,0,0,0,0,0,0,0,1,0,0,0,0,0,1,0,0,1,0,0,0,0,1,0,0,0,0,0,0,0,0,0,0,1,0,0,0,0,3861,3387,0,0.05341070553327987
-0.44286413242390843,-0.5418851961371793,0.9805550023094746,2,-0.22238259044849376,-1.5812734719494754,0.0,-0.9527631663173389,0,71,-0.8732099695493416,0.9538505081700629,1,149,-0.3805468386873412,3,1,2,1,0,0.5927172776084513,0.8130718962111586,0.8347257931207901,0.4063743320310532,27,0.3154908772231269,0,0,0,0,0,0,0,0,0,0,0,0,0,0,0,0,0,0,0,0,0,1,0,0,0,0,0,0,0,0,1,0,0,0,0,1,0,0,0,0,1,0,0,0,0,0,0,1,0,0,0,0,0,0,0,0,6856,3632,0,0.0049982005498695236
0.9216934840645638,0.993200345327918,-0.4148087244604217,0,-0.22238259044849376,-1.6988985774196699,0.0,-0.9331164037140193,5,71,-0.9019267788874382,0.9538505081700629,0,145,1.3465946379571725,1,2,1,0,1,0.0913079466902125,-0.26717579651981016,-0.2629289188160514,0.26387142132606073,32,-0.017129973829206037,0,1,0,0,0,0,0,0,0,0,0,0,0,0,0,0,0,0,0,0,0,0,0,1,0,0,0,0,1,0,1,0,0,0,0,0,1,0,0,0,0,0,0,1,0,0,0,0,0,0,0,0,0,0,0,0,8099,3606,0,0.2010239746420871
0.8000131870528528,0.773902410832904,1.463129464558683,0,-0.22238259044849376,-0.4756057407196384,0.0,-0.34547168760876235,5,74,-0.9019267788874382,0.9538505081700629,0,145,0.914809268796044,1,0,0,2,1,0.08107510320208518,-0.3983633721076318,-0.39623043981027883,0.3173762316651099,18,1.3133534303801258,0,1,1,0,0,0,0,0,0,0,0,0,0,0,0,0,0,0,0,1,0,0,1,0,0,0,0,0,1,0,1,0,0,0,0,0,0,1,0,0,0,0,0,0,0,0,0,0,0,0,1,0,0,0,0,0,11643,3510,1,0.8161873465168958
-0.9991169187631582,-0.7611831306321933,-0.11980351020843973,1,-0.22238259044849376,-1.1051148199249416,0.0,1.5763807698612748,2,74,0.08880314327689673,0.9538505081700629,2,149,-0.09268992591325557,1,0,2,3,2,1.2063088926928267,1.6288946318979245,1.663694626803642,0.842359073704692,37,-1.014992526986205,1,0,0,0,0,0,0,0,0,0,0,1,0,0,0,0,0,0,0,0,0,0,0,0,0,1,0,0,1,0,1,0,0,0,0,1,0,1,0,0,0,0,0,0,0,0,1,0,0,0,0,0,0,0,0,0,10249,3639,0,0.044916397568216075
0.4784295449504741,0.3353065418428762,-0.6376904823051122,0,1.412783515790431,-0.3550895687526341,0.0,-0.49601779679002317,6,69,1.431313979832916,-0.797659921593915,2,145,0.7708808124090012,3,1,1,2,2,0.3725216455120819,-0.3573672547364375,0.8305601205897205,0.40213632725172255,31,0.14918045169696045,0,1,0,0,0,0,0,0,0,0,0,0,0,0,0,0,0,0,0,1,0,0,0,0,0,0,1,0,0,0,0,1,0,1,0,0,0,0,0,0,0,0,1,0,0,0,0,0,0,0,0,1,0,0,0,0,10579,3327,0,0.0005539499665544334
-0.4167897830642561,-0.21293829439465853,-0.6290345777640827,1,-1.0399656435679563,-0.6850015569885584,0.0,1.4946680981247409,2,76,-0.9019267788874382,-0.890219415849735,1,149,0.6269523560219584,4,0,1,2,2,0.02422597271248894,-0.4291104601360275,-0.4274729837933009,0.25380615997515044,22,0.8144221538016264,1,0,1,0,0,0,0,0,0,0,0,1,0,0,0,0,0,0,0,0,0,0,0,0,0,1,0,0,0,0,0,1,0,0,0,0,1,0,0,0,0,0,0,0,0,0,0,0,1,0,0,0,0,0,0,0,11452,3646,0,0.010340743699224548
0.09600575434223983,-0.43223622888967245,-0.8411470514967999,2,-0.22238259044849376,-0.5414807558969411,0.0,1.464151429223136,5,65,0.533913688017395,-0.5911810497924704,3,149,-0.8123322078484696,1,0,2,1,1,-1.8995486030554476,-1.4786110648386006,-1.4480627539053548,-1.904397773898974,42,-0.6823716759338719,0,0,1,0,0,0,0,0,0,0,0,0,0,0,0,0,0,0,0,0,0,1,0,0,0,0,0,0,0,1,0,0,0,0,1,0,0,0,0,0,0,0,1,0,0,0,0,0,0,1,0,0,0,0,0,0,7513,3647,0,0.000990943315087587
-1.7378901506199744,-0.5418851961371793,-0.4743647727009039,2,-1.0399656435679563,0.10913310873507204,0.0,1.6034369294407043,1,76,-0.9019267788874382,0.9538505081700629,0,122,-1.6759029461707264,4,0,0,0,0,0.5351101587123271,-0.2774248258626087,0.9930213493014353,0.5674185136456172,22,-1.5139238035647045,0,1,0,1,0,0,0,0,0,0,0,0,0,0,0,0,0,0,0,0,0,0,0,1,0,0,0,0,0,0,0,0,1,0,0,0,1,0,0,0,0,0,1,0,0,1,0,0,0,0,0,0,0,0,0,0,7901,3326,1,0.5391542674408103
-1.2685518621462324,-1.748023835859756,-0.10142528123238713,2,1.412783515790431,0.8876973163258853,0.0,-0.7612769992680811,2,72,1.1620938922882595,0.9538505081700629,0,134,-0.524475295074384,1,1,2,1,1,-0.09023027667323147,-0.5848957061465656,0.3681704696409941,-0.06828220325397757,24,0.3154908772231269,0,1,1,0,0,0,0,0,0,0,0,0,0,0,0,0,0,1,0,0,0,0,0,0,1,0,0,0,1,0,0,1,0,1,0,0,0,0,0,0,0,0,0,0,0,1,0,0,0,0,0,0,0,0,0,0,11913,3642,1,0.7662605380602993
-0.7122990758069826,-1.090130032374714,-1.0209361047199625,1,-0.22238259044849376,1.5423173731034774,0.0,1.6589446152617309,5,71,-0.9019267788874382,-0.7229003300795989,3,134,0.7708808124090012,1,0,0,1,1,-1.8536903044605066,-1.4519635885473243,-1.4668082802951679,-1.8424169540012634,37,1.4796638559062922,0,1,0,0,0,0,0,0,0,0,0,0,0,0,0,0,0,0,1,0,0,0,0,1,0,0,0,1,0,0,0,0,0,0,1,0,0,0,0,0,1,0,0,0,0,0,1,0,0,0,0,0,0,0,0,0,12103,3629,0,0.005198543789912247
-0.8426708226052443,-1.419076934117235,-1.1096980466996016,2,1.412783515790431,-1.3396629147161054,0.0,1.5535386176015913,4,76,0.5554512950209676,0.9538505081700629,2,149,-1.3880460333966407,3,1,2,3,1,0.9811863359540255,1.4075155980934755,-0.05047961973150143,1.020885025033995,37,-1.5139238035647045,0,0,1,0,0,0,0,0,1,0,0,0,0,0,0,0,0,0,0,0,0,0,0,0,1,0,0,0,0,0,0,1,0,1,0,0,0,0,0,0,1,0,0,1,0,0,0,0,0,0,0,0,0,0,0,0,10156,3388,1,0.7656833404715969
-0.08651469117532652,-0.10328932714715157,0.45809098716412827,0,1.412783515790431,-0.10431020062938226,0.0,1.438881338971281,6,74,0.7672377638894304,0.9538505081700629,1,152,0.4830238996349156,3,0,1,0,0,0.03483781040388024,-0.5234015300897743,0.49314064557308235,0.05885794012594139,28,0.9807325793277929,1,0,0,0,0,0,0,0,0,0,0,0,0,0,1,0,0,0,0,0,0,0,1,0,0,0,0,0,0,0,0,1,0,0,0,0,0,0,0,0,0,0,1,0,0,0,0,0,0,0,0,0,0,0,1,0,5097,3449,0,0.01470820994557688
0.33067489857911087,0.22565757459536928,-0.12977881746503075,1,1.412783515790431,-0.4252598827251975,0.0,1.6527073262818417,5,63,-0.9019267788874382,-1.075338404361375,1,122,-1.244117577009598,3,1,0,1,0,0.5809684573072681,1.0139528713300106,1.0388437471432008,0.28612094641754654,20,0.6481117282754599,0,1,1,0,0,0,0,0,0,0,0,0,0,0,0,0,1,0,0,0,0,0,0,0,0,1,0,0,0,0,0,1,0,1,0,0,0,1,0,0,0,0,0,0,0,0,0,0,0,0,0,0,0,0,1,0,12752,3326,0,0.006767363824767766
1.8256042618658448,1.4317962143179457,-0.6706132774996121,2,-1.0399656435679563,0.3247240674971562,0.0,-0.6776945362042428,2,53,0.6774977347078784,-1.5737356811234826,2,145,0.19516698686083,1,2,1,1,0,0.0776641553727094,-0.275375019994049,-0.27126026387819063,0.24903840459840348,22,-1.014992526986205,1,0,0,0,0,0,0,1,0,0,0,0,0,0,0,0,0,0,0,0,0,0,0,0,0,1,0,0,1,0,0,1,0,0,0,0,1,0,0,0,1,0,0,0,0,1,0,0,0,0,0,0,0,0,0,0,8001,3480,1,0.859616303672261
0.0699314049825875,0.006359640100355384,-1.4741995880579781,0,-0.22238259044849376,-0.0047749112392250865,0.0,-0.6563593799397004,3,63,1.262602724971598,-1.1429780347790894,2,134,1.4905230943442151,2,1,0,3,2,0.24783255263823412,0.9073629661649054,-0.3045856441267475,0.18970633768777465,43,0.4818013027492934,0,1,0,0,0,0,0,0,0,0,0,0,0,0,0,0,0,0,1,0,0,0,1,0,0,0,0,0,0,0,0,1,0,0,0,0,0,1,0,0,0,0,0,0,0,0,1,0,0,0,0,0,0,0,0,0,5412,3617,0,0.0021375895214430724
-0.9469682200438536,-0.9804810651272072,-0.8370565138742181,1,1.412783515790431,0.4725401673840332,0.0,-0.8233847694011603,1,72,0.8533881919037205,0.9538505081700629,1,152,1.4905230943442151,1,2,0,3,0,-0.6807032453585043,-0.8103743516881341,-0.09005350877666271,-0.7188159368812296,36,-1.014992526986205,0,0,1,0,0,0,0,0,0,0,0,0,0,0,0,0,0,0,0,0,1,0,0,0,0,1,0,0,1,0,0,1,0,0,0,0,1,0,0,0,1,0,0,0,0,0,0,0,0,0,0,0,0,0,0,0,10882,3617,0,0.0278874985121404
0.3046005492194585,-0.10328932714715157,-0.2358447844399112,1,-0.22238259044849376,0.08352651976333007,0.0,1.5213893697052503,5,54,-0.9019267788874382,0.9538505081700629,0,122,0.051238530473787215,3,1,1,3,0,0.34712903389339556,-0.11344035637783166,-0.10671619890094114,0.5419904849696334,25,-0.349750824881539,0,1,0,0,0,1,0,0,0,0,0,0,0,0,0,0,0,0,0,0,0,0,0,1,0,0,0,0,0,0,1,0,0,0,0,0,1,0,0,0,0,0,1,0,0,0,0,0,0,0,0,0,1,0,0,0,12556,3612,1,0.9345061338363513
1.5300949691231183,1.5414451815654526,-0.6867808258195025,1,1.412783515790431,-0.37123824018481355,0.0,1.413304268053749,0,71,-0.9019267788874382,0.9538505081700629,3,145,1.634451550731258,1,1,0,3,1,-1.7835763768566713,-1.4068678594390105,-1.4209858824534023,-1.767722119765561,25,-0.6823716759338719,0,0,1,0,0,1,0,0,0,0,0,0,0,0,0,0,0,0,0,0,0,0,0,0,0,0,1,1,0,0,0,0,0,0,0,0,1,0,0,0,0,0,0,0,0,0,0,0,0,0,0,0,1,0,0,0,4978,3607,0,0.007116094359799929
1.6517752661348293,1.9800410505554806,-0.5864011342647858,1,-1.0399656435679563,0.5975994438460236,0.0,1.6559864379379354,2,74,0.9467178222525346,0.9538505081700629,3,141,-0.3805468386873412,1,1,1,0,1,-1.7384760666682582,-1.3064273718795847,-1.3189269054421968,-1.7565973572198181,32,-1.014992526986205,0,0,0,0,0,0,0,0,0,0,0,0,0,0,1,0,0,0,0,0,0,0,0,0,1,0,0,0,0,1,0,0,0,0,0,0,1,0,0,0,0,0,0,1,0,0,0,0,0,0,0,0,0,0,0,0,9417,3637,0,0.0036143780913962006
-1.746581600406525,-0.10328932714715157,1.5397404470162472,2,-0.22238259044849376,0.22423885625804632,0.0,-0.9757169479099956,5,74,-0.9019267788874382,0.9538505081700629,1,122,1.2026661815701296,1,2,0,1,0,1.305226379744724,2.0511546408212253,0.27652567395746275,1.2243092544418652,13,0.14918045169696045,0,1,0,0,0,0,0,0,0,0,0,0,0,0,0,1,0,0,0,0,0,0,0,0,0,1,0,0,1,0,1,0,0,1,0,0,0,0,0,0,0,0,0,0,0,0,0,0,1,0,0,0,0,0,0,0,12231,3609,0,0.0018463701811751697
-1.6422842029679159,-0.5418851961371793,1.4579102343475676,1,1.412783515790431,1.3625343379518777,0.0,1.4999286304411128,2,76,0.3005896121453597,-1.1429780347790894,0,122,-0.23661838230029839,1,2,1,3,0,0.8644561213487213,-0.11549016224639137,1.3221094792559343,0.9022208912127371,23,0.8144221538016264,1,0,0,0,0,0,0,0,0,0,0,0,0,0,0,0,0,0,0,0,1,0,0,1,0,0,0,0,1,0,1,0,0,0,0,0,1,0,0,0,0,0,1,0,1,0,0,0,0,0,0,0,0,0,0,0,7129,3642,1,0.6945648224776834
-1.5814440544620605,-1.419076934117235,-0.4881737427151001,0,-0.22238259044849376,0.08286570456405898,0.0,-0.46647788455193534,6,74,1.6646380557049514,0.9538505081700629,1,152,-1.244117577009598,1,2,1,2,1,0.9906611910356249,1.710886866640313,0.10365026391807404,0.916524157342978,22,-1.680234229090871,0,1,1,0,0,0,0,0,0,0,0,0,0,0,0,0,0,0,1,0,0,0,1,0,0,0,0,0,1,0,0,1,0,1,0,0,0,1,0,0,0,0,0,0,0,1,0,0,0,0,0,0,0,0,0,0,6272,3510,0,0.00870871407798847
0.443663745804271,0.22565757459536928,-0.6935179529600249,2,1.412783515790431,-0.36842977558791257,0.0,1.6313024016841908,2,71,-0.9019267788874382,0.9538505081700629,1,141,1.4905230943442151,1,1,2,0,0,0.626826755902209,1.317324139876848,1.3471035144423518,0.19341459186968896,33,-0.8486821014600384,0,0,1,0,1,0,0,0,0,0,0,0,0,0,0,0,0,0,0,0,0,0,0,1,0,0,0,0,1,0,0,0,1,1,0,0,0,0,0,0,1,0,0,0,0,0,0,0,0,0,0,0,0,0,0,1,4179,3609,0,0.0038307092919806127
0.5914183921756342,0.44495550909038317,-0.14132261821534248,0,-0.22238259044849376,0.09343874775239178,0.0,1.590878629481196,6,74,-0.9019267788874382,0.9538505081700629,1,157,-0.9562606642355124,3,0,1,2,2,1.0729029331439075,-0.012999868818405716,1.5303931058094147,1.1141211301792686,37,0.14918045169696045,0,1,1,0,0,1,0,0,0,0,0,0,0,0,0,0,0,0,0,0,0,0,0,1,0,0,0,0,0,0,0,0,1,0,0,0,0,0,0,0,0,0,0,1,0,0,0,0,0,0,0,0,0,0,0,0,10761,3509,0,0.011280134722365259
-1.7031243514737713,-0.43223622888967245,0.5947250630712233,0,1.412783515790431,0.0430102878580421,0.0,1.5735202682038312,5,76,-0.9019267788874382,0.9538505081700629,0,152,0.6269523560219584,3,1,1,3,2,0.7102054806202835,1.8584728891766122,0.751412342499398,0.32161423644444054,24,0.14918045169696045,0,1,1,0,0,0,0,0,0,0,0,0,0,0,0,0,1,0,0,0,0,0,0,0,1,0,0,0,0,0,0,1,0,0,0,1,0,0,1,0,0,0,0,0,0,0,0,1,0,0,0,0,0,0,0,0,4260,3418,1,0.5784310549463161
-0.04305744224257262,0.22565757459536928,0.43126313194770927,1,-0.22238259044849376,-1.4896266640006122,0.0,-0.6783922195353266,0,76,-0.9019267788874382,0.9538505081700629,1,152,-0.23661838230029839,1,1,1,2,1,-0.8588305208925725,-0.9067152275104406,-1.5397075495888861,-0.5741940237865717,30,-1.014992526986205,0,1,0,0,0,0,0,0,0,0,0,0,0,0,0,1,0,0,0,0,0,0,0,0,0,0,0,0,1,0,0,1,0,0,0,0,0,0,0,0,0,0,0,0,0,1,0,0,0,0,0,0,0,0,0,0,10865,3356,0,0.0010113920853320954
0.5653440428159818,0.5546044763378901,-1.7023589567649149,0,1.412783515790431,-0.724526566094941,0.0,-0.4620127112329991,3,71,0.4046880459959601,-0.06786390919225752,1,157,0.33909544324787283,1,2,0,2,0,0.1379242336916814,0.7884742257884421,0.8097317579343725,-0.21661237053054969,22,1.4796638559062922,0,0,1,0,0,0,0,0,0,0,0,0,0,0,0,0,0,1,0,0,0,0,0,0,0,1,0,0,1,0,1,0,0,0,0,1,0,0,0,0,1,0,0,0,0,0,0,0,0,0,0,0,0,0,1,0,6452,3617,0,0.012998014398982289
0.5653440428159818,0.5546044763378901,-1.3951560784699535,0,-1.0399656435679563,0.1703411165675255,0.0,-0.6967691984760737,3,71,-0.9019267788874382,-0.5199814388264551,2,149,0.4830238996349156,3,0,0,1,0,1.7399327308885033,1.5878985145267301,1.622037901492946,1.6094379387635362,24,0.8144221538016264,0,1,0,0,0,0,0,1,0,0,0,0,0,0,0,0,0,0,0,0,0,0,0,0,1,0,0,0,0,0,0,1,0,0,0,0,0,0,0,0,1,0,0,0,0,1,0,0,0,0,0,0,0,0,0,0,8055,3660,1,0.9697320547770082
-0.6427674775145763,-0.5418851961371793,-1.5293420590729534,0,-1.0399656435679563,-1.1002413078303197,0.0,-0.8169660827551894,5,76,-0.9019267788874382,-0.5128614777298535,3,134,-0.524475295074384,1,0,1,3,2,-1.7786494522142395,-1.3064273718795847,-1.3189269054421968,-1.8127509205459489,43,1.6459742814324587,0,1,1,0,0,0,0,0,0,0,0,0,0,1,0,0,0,0,0,0,0,0,0,1,0,0,0,1,0,0,0,0,0,0,1,0,0,1,0,0,0,0,0,0,0,0,1,0,0,0,0,0,0,0,0,0,5771,3388,0,0.018238775222375367
-0.15604628946773275,-0.6515341633846863,0.9062091891157945,0,-0.22238259044849376,0.37920002048703844,0.0,-0.4435241029592786,0,74,0.44776326000310507,-0.38470217799102585,3,152,-1.244117577009598,1,1,2,1,0,-1.8203388145732768,-1.3474234892507788,-1.360583630752893,-1.849833462365092,30,1.3133534303801258,1,0,0,0,0,0,0,0,1,0,0,0,0,0,0,0,0,0,0,0,0,0,0,0,0,0,1,0,0,1,0,0,0,0,0,0,1,1,0,0,0,0,0,0,0,1,0,0,0,0,0,0,0,0,0,0,5430,3648,1,0.7073387532636026
-1.4163065085175957,-0.6515341633846863,-1.4858835023710044,1,-1.0399656435679563,0.15654659928274883,0.0,-0.34743915460241864,2,72,-0.9019267788874382,0.9538505081700629,1,152,-0.524475295074384,1,2,0,0,0,-1.6596452723893516,-1.240833584085674,-1.2522761449450832,-1.6803132711918667,37,0.9807325793277929,0,1,1,0,0,0,0,0,0,0,0,0,0,0,0,0,0,0,0,1,0,0,0,0,0,0,0,0,0,1,0,0,0,0,1,0,0,0,0,0,0,0,0,0,0,0,1,0,0,0,0,0,0,0,0,0,5219,3608,0,0.01255142019125928
-0.5558529796490685,-0.3225872616421655,-1.6672605093049313,2,1.412783515790431,-1.1450528385308678,0.0,-0.9049020898049907,3,72,-0.9019267788874382,-1.4313364591914517,0,134,-1.3880460333966407,4,2,0,2,2,0.7594747270446002,1.460810550676028,1.492902053029788,0.304662217327118,13,-1.1813029525123715,0,1,0,0,0,0,0,0,1,0,0,0,0,0,0,0,0,0,0,0,0,0,0,0,1,0,0,0,0,0,1,0,0,1,0,0,0,1,0,0,0,0,0,0,0,0,0,0,1,0,0,0,0,0,0,0,8945,3659,1,0.7556830131817563
0.4784295449504741,0.44495550909038317,1.2651723527035394,2,1.412783515790431,1.1590032565764852,0.0,-0.41303534139091685,6,54,-0.9019267788874382,-1.121618151489285,2,145,-1.244117577009598,3,1,0,2,2,0.16293785110710376,-0.22412987328005615,-0.21918935723982053,0.34174475914626107,21,1.1470430048539593,0,0,0,0,0,0,0,0,0,0,0,0,0,1,0,0,0,0,0,0,0,0,0,0,1,0,0,0,0,0,0,0,1,0,0,1,0,1,0,0,0,0,0,0,0,0,0,1,0,0,0,0,0,0,0,0,12018,3630,0,0.002709116395833106
-0.9469682200438536,-1.199778999622221,-1.3152796715924593,1,-0.22238259044849376,-1.9928374382452927,0.0,-0.5928562431444536,0,69,-0.9019267788874382,-1.5488158172853772,3,157,-1.244117577009598,1,2,1,2,1,-1.878324927672665,-1.3925192183590926,-1.4730567890917723,-1.8906242583661492,27,1.4796638559062922,0,1,1,0,1,0,0,0,0,0,0,0,0,0,0,0,0,0,0,0,0,0,0,1,0,0,0,0,0,1,0,0,0,0,1,0,0,0,0,1,0,0,0,0,0,0,0,0,0,0,1,0,0,0,0,0,12723,3661,0,0.0011713834687100235
1.582243667842423,1.5414451815654526,0.32866108360660407,1,-1.0399656435679563,-0.734562696933865,0.0,1.5979112774585207,3,74,0.4190464506650084,0.9538505081700629,1,145,0.6269523560219584,1,0,2,3,2,0.5267722862405196,0.960657918747458,-0.277508772674795,0.5589425040869559,22,0.14918045169696045,0,1,1,0,0,0,1,0,0,0,0,0,0,0,0,0,0,0,0,0,0,0,1,0,0,0,0,0,1,0,1,0,0,0,0,0,1,0,0,0,0,0,1,0,0,0,0,0,1,0,0,0,0,0,0,0,6288,3602,0,0.0011420146815178131
-0.538470080075967,-0.9804810651272072,1.5774621317337192,1,1.412783515790431,1.4871393039643688,0.0,-0.7428302519942257,3,65,1.1979899039608806,-0.7122203884346965,0,141,0.19516698686083,3,2,0,3,2,0.41080006004174335,-0.22003026154293673,1.1096601801713841,0.3491612675100897,43,0.8144221538016264,1,0,1,0,0,0,0,0,0,0,0,0,0,0,0,0,1,0,0,0,0,0,0,0,0,0,0,0,0,0,0,1,0,0,0,1,0,0,0,0,1,0,0,0,0,0,1,0,0,0,0,0,0,0,0,0,8160,3570,1,0.7709882369050126
-0.18212063882738508,-0.10328932714715157,-0.41409258847321423,1,-1.0399656435679563,1.1860553787966315,0.0,1.4759283238518304,5,85,-0.17682734310049744,0.9538505081700629,0,141,0.7708808124090012,1,1,0,1,2,-0.031865169370579344,0.4113099459734549,-0.5566088322564587,-0.008950136343348724,37,-0.6823716759338719,0,0,0,0,0,0,0,0,0,0,0,0,0,0,0,1,0,0,0,0,0,0,1,0,0,0,0,0,1,0,0,0,1,0,0,0,1,0,0,0,0,0,0,1,0,0,0,0,0,0,0,0,0,0,0,0,3717,3638,0,0.3457116057717408
-1.3815407093713925,-0.10328932714715157,0.1693441787133942,0,-0.22238259044849376,-0.24283358677651423,0.0,-0.4339239803235656,5,93,0.1390575596185659,0.9538505081700629,2,157,0.7708808124090012,3,0,2,0,0,0.9656475736202026,1.1492400586549516,1.176310940668498,0.753890723936165,32,1.3133534303801258,1,0,1,0,0,0,0,0,0,0,0,0,0,0,1,0,0,0,0,0,0,0,1,0,0,0,0,0,0,0,1,0,0,0,0,0,0,0,0,0,0,0,1,0,0,0,0,0,0,0,0,0,0,1,0,0,6815,3617,0,0.0038966974292702675
0.5392696934563296,0.3353065418428762,1.490914762453651,0,-1.0399656435679563,-0.6718678549030527,0.0,-0.45712892791541254,0,65,-0.9019267788874382,-0.811899843787118,0,157,0.914809268796044,3,0,1,1,1,0.019678042273321244,-0.6135929883064016,0.3098510542060196,0.10759499508824365,20,1.6459742814324587,1,0,1,0,1,0,0,0,0,0,0,0,0,0,0,0,0,0,0,0,0,0,0,1,0,0,0,0,0,0,0,0,1,0,0,0,0,0,0,0,0,0,1,0,0,0,0,0,0,0,0,0,0,1,0,0,7891,3610,1,0.8297547212607307
2.286251100553036,2.0896900178029876,1.0193820273550274,2,1.412783515790431,-1.1527348152223904,0.0,-0.7913750581710359,5,72,2.048725380601994,0.9538505081700629,2,149,-1.3880460333966407,1,2,2,3,1,0.11139463946320317,-0.3819649251591541,0.7805720502168852,0.056209187138859744,24,1.4796638559062922,1,0,1,0,0,1,0,0,0,0,0,0,0,0,0,0,0,0,0,0,0,0,0,0,1,0,0,0,1,0,1,0,0,1,0,0,0,1,0,0,0,0,0,0,0,0,0,0,0,0,0,1,0,0,0,0,8027,3602,0,0.0018443534022926855
0.6957157896142435,0.993200345327918,0.6947817150230149,2,-1.0399656435679563,-1.231619629635337,0.0,-0.5102644904107542,6,93,0.8174921802310997,0.9538505081700629,0,149,1.0587377251830867,3,0,0,0,0,-0.22363623622215065,0.2227278060659613,0.23486894864676666,-0.4295721106919139,33,-1.1813029525123715,0,0,0,0,0,0,0,0,0,0,1,0,0,0,0,0,0,0,0,0,0,0,0,0,0,0,0,0,0,0,0,0,1,1,0,0,0,1,0,0,0,0,0,0,0,0,0,0,0,0,0,0,0,0,0,1,6082,3640,0,0.3731173205173625
2.1211135546085713,1.9800410505554806,-0.4474123720954053,0,1.412783515790431,0.4941818651601505,0.0,-0.483626940829975,6,78,0.4836592716757259,-0.8368197076252234,0,152,-0.23661838230029839,3,1,2,1,0,-0.1895267579283929,-0.29997269041676555,-0.29625429906460826,-0.11172175224211654,20,1.3133534303801258,0,0,0,0,0,0,0,0,0,0,0,0,1,0,0,0,0,0,0,0,0,0,0,0,1,0,0,0,0,0,1,0,0,0,0,0,1,0,0,0,1,0,0,0,0,0,0,0,0,0,0,0,0,1,0,0,7224,3570,1,0.7601116850149091
-0.3385667349852991,-0.3225872616421655,-0.4633074773766842,1,1.412783515790431,-0.03566802180513298,0.0,-0.5145901270634737,5,69,-0.9019267788874382,-0.459461769505342,2,145,1.2026661815701296,3,1,2,2,1,-0.2675995638007717,-0.5869455120151253,-0.5878513762394808,-0.0725202080333082,18,0.4818013027492934,0,0,1,0,0,0,0,0,0,0,0,1,0,0,0,0,0,0,0,0,0,0,0,0,0,0,0,0,0,0,0,0,1,1,0,0,0,1,0,0,0,0,0,0,1,0,0,0,0,0,0,0,0,0,0,0,5478,3648,0,0.0027201319843468855
-0.5123957307163146,-0.21293829439465853,0.9663762881714484,1,1.412783515790431,0.7341816853452976,0.0,-0.6136890674106156,0,78,-0.9019267788874382,-0.32418250866991283,0,152,0.19516698686083,1,0,2,3,0,0.08903398147062865,-0.496754053798498,0.5472943884769872,0.1139520022572396,24,-0.5160612504077055,0,1,0,0,0,0,0,0,0,0,0,0,0,0,0,0,0,0,0,1,0,0,0,0,0,1,0,0,1,0,0,1,0,0,0,1,0,0,0,0,0,1,0,0,0,0,0,0,0,0,0,1,0,0,0,0,12080,3571,1,0.9835256647324341
-0.43417268263735764,-0.5418851961371793,0.2036136209273169,0,-1.0399656435679563,-1.9051142205421,0.0,1.507017093084924,6,93,0.4226360518322705,0.9538505081700629,0,157,0.4830238996349156,3,2,2,1,0,0.6336486515609606,1.6411934671092827,-1.5397075495888861,0.8534838362504349,24,1.4796638559062922,1,0,1,0,0,0,0,0,0,0,0,0,0,0,0,0,0,0,0,0,0,0,0,1,0,0,0,0,0,0,0,1,0,0,0,0,1,1,0,0,0,0,0,0,0,0,0,0,0,0,0,1,0,0,0,0,12748,3388,1,0.8509749994660228
0.6609499904680405,0.993200345327918,-1.425385579625608,1,-0.22238259044849376,0.5403976281591483,0.0,-0.3320901213185752,3,72,-0.9019267788874382,-1.6093354866064902,1,141,0.6269523560219584,1,1,2,2,0,0.32438938169755704,0.5711948037211125,0.5889511137876833,0.15633205005054593,15,-1.1813029525123715,0,0,1,0,0,0,0,0,0,0,0,0,0,0,0,1,0,0,0,0,0,0,1,0,0,0,0,0,1,0,1,0,0,1,0,0,0,0,0,0,0,0,1,0,1,0,0,0,0,0,0,0,0,0,0,0,3830,3570,0,0.046687431556415
-1.285934761719334,-0.3225872616421655,0.7379522605127175,0,-1.0399656435679563,1.1422350708949889,0.0,1.5086915330795252,3,53,-0.9019267788874382,-0.07142388974055829,0,157,0.19516698686083,1,2,1,2,2,0.21751301637711615,-1.5237067939469142,-0.18586397699126367,0.7454147143775037,24,-0.6823716759338719,1,0,1,0,0,0,0,0,0,0,1,0,0,0,0,0,0,0,0,0,0,0,0,0,1,0,0,0,1,0,0,1,0,0,0,0,1,0,0,0,0,0,0,0,0,0,0,1,0,0,0,0,0,0,0,0,5630,3642,1,0.9802596682130775
0.4262808462311694,0.773902410832904,-1.162684325666137,0,-1.0399656435679563,0.42000535904200803,0.0,-0.3290063609951848,4,72,0.9969722385942038,0.9538505081700629,0,149,-0.09268992591325557,3,2,0,0,1,0.4475624977583489,-0.3204707491023627,0.9055422261489735,0.47842041327967394,42,-0.6823716759338719,0,0,0,0,0,0,0,0,0,0,0,0,0,0,1,0,0,0,0,0,0,0,0,0,0,0,0,0,0,0,1,0,0,0,0,0,0,1,0,0,0,0,0,0,0,0,0,0,0,1,0,0,0,0,0,0,6840,3617,1,0.8773525953262019
-1.633592753181365,-0.7611831306321933,-0.9293018347046761,0,-0.22238259044849376,-1.1896578644816436,0.0,1.5984275631235225,4,78,0.9215906140817001,-1.4028566148050456,2,149,-1.6759029461707264,3,0,0,2,0,0.2516224946708739,-0.1708349206975036,1.2096363209170549,0.08852397358125581,43,-1.680234229090871,0,0,1,0,0,0,0,1,0,0,0,0,0,0,0,0,0,0,0,0,0,0,1,0,0,0,0,0,0,0,0,0,1,0,0,0,0,0,0,0,0,0,1,0,0,0,1,0,0,0,0,0,0,0,0,0,8201,3635,1,0.814148169747332
-0.6601503770876779,-0.8708320978797003,-0.07761765170114744,0,-1.0399656435679563,-0.8730447821310435,0.0,1.5920646911440384,2,72,-0.9019267788874382,-0.05362398699905444,0,157,-1.3880460333966407,3,1,0,2,0,0.6507033907078394,-1.5237067939469142,1.6970200070521988,0.8720251071600064,24,1.3133534303801258,0,0,0,0,0,0,0,0,1,0,0,0,0,0,0,0,0,0,0,0,0,0,0,1,0,0,0,0,0,0,0,0,1,0,0,0,0,1,0,0,0,0,0,0,0,0,0,1,0,0,0,0,0,0,0,0,11630,3643,1,0.9694236457550233
0.12208010370189216,0.44495550909038317,0.7443313196596362,1,-1.0399656435679563,1.0946563765474946,0.0,-0.3259365543384162,0,71,1.2913195343096946,-1.3423369454839327,0,141,0.914809268796044,1,0,1,3,2,0.5851373935431717,1.2722284107685344,-0.11921321649414995,0.5197409598781476,43,-0.349750824881539,0,0,0,0,0,0,0,0,0,0,0,0,0,0,0,0,1,0,0,0,0,0,0,1,0,0,0,0,1,0,0,1,0,1,0,0,0,0,0,0,1,0,0,0,0,0,1,0,0,0,0,0,0,0,0,0,10557,3630,1,0.8219018662384933
0.6435670908949389,0.8835513780804111,0.9679992702728913,2,-1.0399656435679563,0.11772370632559157,0.0,-0.5802560821850803,5,93,-0.9019267788874382,-0.46302175005364277,0,141,1.3465946379571725,1,1,2,2,2,0.21751301637711615,-0.3245703608394821,-0.3212483342510259,0.4699444037210127,28,0.8144221538016264,1,0,1,0,0,0,0,0,0,0,0,0,0,0,0,0,0,0,0,1,0,0,1,0,0,0,0,0,1,0,0,1,0,0,0,0,0,0,0,0,0,1,0,0,0,0,0,0,0,0,0,0,0,0,1,0,6107,3629,1,0.9839360772223137
-0.08651469117532652,-0.43223622888967245,-1.0553145241493298,2,-1.0399656435679563,0.6597160725774744,0.0,-0.8310174250432171,4,65,-0.9019267788874382,0.9538505081700629,1,145,-0.6684037514614268,1,2,1,0,0,-1.774480515978336,-1.3023277601424652,-1.4272343912500067,-1.7804361341035528,31,-0.349750824881539,0,0,0,0,0,0,0,0,0,0,0,1,0,0,0,0,0,0,0,0,0,0,1,0,0,0,0,1,0,0,0,0,0,0,1,0,0,0,0,0,0,0,1,0,0,0,0,0,0,0,0,1,0,0,0,0,4684,3605,0,0.0022023565967625412
-1.5466782553158573,0.3353065418428762,-1.0072711403118895,0,-0.22238259044849376,0.9415537550664517,0.0,1.5716644305431484,6,69,0.918001012914438,-0.3384224308631159,0,134,-0.23661838230029839,1,1,2,3,0,0.38919739045569673,-0.34916803126219864,0.847222810713999,0.4190883463690451,28,-1.5139238035647045,0,1,1,0,0,0,0,0,0,0,0,0,0,0,0,0,0,0,0,1,0,0,1,0,0,0,0,0,1,0,0,0,1,0,0,0,1,0,0,0,1,0,0,0,0,0,0,0,0,0,0,0,1,0,0,0,5175,3607,1,0.5772728523748334
-0.9817340191900567,-0.9804810651272072,-0.12073760062653642,1,1.412783515790431,0.24831731008147512,0.0,1.562301520240004,5,93,0.6739081335406163,0.9538505081700629,1,145,0.19516698686083,3,2,2,0,0,1.202897944863451,1.1410408351807126,1.1679795956063588,1.0897526026981177,16,0.6481117282754599,0,0,0,0,0,0,0,0,0,0,0,1,0,0,0,0,0,0,0,0,0,0,0,0,0,1,0,0,0,0,0,0,1,0,0,1,0,0,0,0,1,0,0,0,1,0,0,0,0,0,0,0,0,0,0,0,5319,3449,0,0.01905749930703633
0.4262808462311694,0.22565757459536928,-1.1089352061914892,0,1.412783515790431,0.23229254149915884,0.0,-0.41528188171700664,6,76,2.0164189700966353,0.9538505081700629,0,157,-0.23661838230029839,3,1,2,2,2,1.0603961244361964,-0.019149286424084856,1.5178960882162058,1.1014071158412768,28,1.4796638559062922,0,1,0,0,0,0,0,0,0,1,0,0,0,0,0,0,0,0,0,0,0,0,0,1,0,0,0,0,0,0,0,1,0,0,0,1,0,0,0,0,1,0,0,0,0,0,0,0,0,0,0,0,0,0,1,0,4115,3661,1,0.9693817358310499
-1.2424775127865801,-1.638374868612249,-1.094491833101669,0,-1.0399656435679563,-1.3787749143229433,0.0,-0.3851698691474302,1,71,0.7995441743947892,0.9538505081700629,0,145,0.4830238996349156,3,2,2,1,0,0.4835669470684265,0.3949114990249772,0.4098271949516902,0.4699444037210127,22,0.9807325793277929,1,0,0,0,0,0,0,0,0,0,0,0,0,0,0,1,0,0,0,0,0,0,0,1,0,0,0,0,0,0,0,1,0,0,0,0,0,0,0,0,1,0,0,0,0,0,0,0,0,0,0,0,0,0,1,0,10387,3327,1,0.9779825576076191
0.9825336325704193,0.773902410832904,0.8080090418699701,1,-0.22238259044849376,-1.0066120542836445,0.0,-0.4477520639456464,4,76,0.6667289312060921,0.9538505081700629,0,152,0.914809268796044,1,1,2,1,1,1.9650552876273044,2.37502396805366,2.4218470274583104,1.517261334813095,20,-1.014992526986205,1,0,1,0,0,0,0,0,0,0,0,0,0,0,0,0,0,0,0,0,0,1,0,1,0,0,0,0,1,0,1,0,0,1,0,0,0,0,0,0,0,0,1,0,0,0,0,0,0,0,1,0,0,0,0,0,9303,3636,1,0.9849811251607186
0.49581244452357565,0.3353065418428762,0.8975883129654437,1,-1.0399656435679563,0.3347601983360801,0.0,1.450155901601595,1,85,-0.9019267788874382,0.9538505081700629,1,134,0.914809268796044,1,0,1,2,2,0.8314836256647554,0.007498189867191416,1.5720498311201108,0.7607774817025773,43,0.8144221538016264,0,1,0,0,0,0,0,0,0,0,0,0,0,0,0,0,0,0,0,0,1,0,0,0,0,1,0,0,1,0,0,1,0,0,0,0,1,0,0,0,1,0,0,0,0,0,1,0,0,0,0,0,0,0,0,0,5548,3327,0,0.10272126106337183
-1.5814440544620605,-1.9673217703547698,0.015133634772446263,1,-0.22238259044849376,-0.03492460470595312,0.0,-0.804631041461628,2,76,0.444173658835843,-0.9685389879123518,2,152,-1.244117577009598,3,2,1,2,0,0.019678042273321244,-0.3102217197595641,-1.5397075495888861,0.4996104371763271,30,1.6459742814324587,1,0,0,0,0,0,0,0,0,0,0,0,0,0,1,0,0,0,0,0,0,0,0,0,0,0,0,0,0,0,0,1,0,0,0,0,1,0,0,0,1,0,0,0,0,1,0,0,0,0,0,0,0,0,0,0,6487,3616,0,0.05759462607932102
-0.6601503770876779,-1.090130032374714,0.7670880974705171,2,-0.22238259044849376,2.56864597947087,0.0,-0.7042204564520486,2,71,-0.9019267788874382,-1.7517347085385209,2,134,-1.3880460333966407,1,1,0,0,0,0.2391156859631627,-0.42296104253034833,-0.4212244749966965,0.550996245125711,30,-0.349750824881539,0,1,1,0,0,0,0,0,0,0,0,1,0,0,0,0,0,0,0,0,0,0,0,0,0,0,0,0,1,0,0,1,0,1,0,0,0,0,0,0,0,1,0,0,0,1,0,0,0,0,0,0,0,0,0,0,5387,3611,0,0.0032410537645424786
0.6870243398276927,0.22565757459536928,0.07971431105360696,0,-1.0399656435679563,-0.25398484326420845,0.0,-0.34866707726512614,0,76,1.2769611296406462,-0.9792189295572541,0,145,0.19516698686083,3,1,0,2,0,-0.3812978247799642,-1.5237067939469142,-0.26917742761265584,-0.07040120564364288,20,0.9807325793277929,0,1,0,0,0,0,0,0,0,0,0,0,0,0,0,0,0,1,0,0,0,0,0,0,1,0,0,0,0,0,0,0,1,0,0,1,0,0,0,0,0,0,1,0,0,0,0,0,0,0,1,0,0,0,0,0,4459,3449,1,0.7976325263087038
-1.598826954035162,-1.748023835859756,1.515395715494602,2,-0.22238259044849376,1.8800765418307424,0.0,-0.5237716397005364,3,78,-0.9019267788874382,0.9538505081700629,0,122,1.3465946379571725,3,1,2,2,1,0.3975352629275042,-0.3450684195250792,0.8555541557761381,0.42756435592770636,24,-0.5160612504077055,0,1,0,0,0,0,0,0,0,0,0,0,0,0,0,0,0,0,0,0,0,0,0,0,0,0,1,0,0,0,0,1,0,1,0,0,0,0,0,0,1,0,0,0,0,1,0,0,0,0,0,0,0,0,0,0,9501,3649,1,0.8550685664529235
-0.6080016783683733,-0.9804810651272072,1.1558915578730429,1,1.412783515790431,0.7715590450540495,0.0,1.5638224699017664,6,76,-0.9019267788874382,0.9538505081700629,0,145,1.0587377251830867,3,0,0,2,2,-0.18838977531860096,-0.4352598777417066,-0.43372149258990533,-0.04020542159091214,20,-1.680234229090871,0,1,0,0,0,0,0,0,0,1,0,0,0,0,0,0,0,0,0,0,0,0,0,0,0,1,0,0,0,0,0,1,0,1,0,0,0,0,0,0,1,0,0,0,0,0,0,0,0,0,0,0,0,1,0,0,6313,3480,1,0.6891580662964146
-0.03436599245602184,-0.5418851961371793,1.4171955682487776,1,-0.22238259044849376,-1.7680363676433728,0.0,-0.46678486521761225,1,85,-0.9019267788874382,0.9538505081700629,2,152,-0.23661838230029839,1,0,2,2,1,0.12276446556112242,-0.3758155075534749,-0.373319240889396,0.3639942842377469,30,0.6481117282754599,1,0,0,1,0,0,0,0,0,0,0,0,0,0,0,0,0,0,0,0,0,0,0,1,0,0,0,0,1,0,1,0,0,0,0,0,1,1,0,0,0,0,0,0,0,1,0,0,0,0,0,0,0,0,0,0,8422,3640,0,0.002739584521130211
-0.6862247264473302,-0.8708320978797003,-1.327594096937701,2,-1.0399656435679563,-0.14722188763202737,0.0,-0.8990415498238868,3,71,1.086712267775756,-0.48438163334344736,3,152,-1.1001891206225551,1,2,1,2,0,-1.8358775769070999,-1.5237067939469142,-1.3397552680975449,-1.8312921914555205,25,-0.349750824881539,1,0,1,0,0,0,0,0,0,0,0,0,0,0,0,1,0,0,0,0,0,0,0,0,0,0,0,1,0,0,0,0,0,0,1,0,0,1,0,0,0,0,0,0,0,0,0,0,0,0,0,0,1,0,0,0,4715,3638,0,0.000568882314841965
1.1650540780879857,0.8835513780804111,-0.44931558132227734,1,1.412783515790431,0.9479967032593414,0.0,1.5973252234604103,0,69,-0.9019267788874382,-1.0468585599749687,0,122,-1.5319744897836836,3,1,2,3,0,0.4297497702049421,1.104144329546638,-0.20460950338107692,0.36770253841966116,43,1.4796638559062922,0,1,0,0,1,0,0,0,0,0,0,0,0,0,0,0,0,0,0,0,0,0,0,0,1,0,0,0,0,0,0,1,0,0,0,1,0,0,1,0,0,0,0,0,0,0,1,0,0,0,0,0,0,0,0,0,6194,3648,0,0.44552346424718825
0.04385705562293516,-0.3225872616421655,0.7189941170687631,0,1.412783515790431,-0.1367727472935577,0.0,-0.6836806591849417,4,74,-0.9019267788874382,0.9538505081700629,2,141,0.7708808124090012,3,0,1,3,0,0.4805349934423147,0.15303440653493106,0.16405251561858336,0.5907275399319357,42,1.4796638559062922,1,0,0,0,0,0,1,0,0,0,0,0,0,0,0,0,0,0,0,0,0,0,0,0,0,0,1,0,0,0,0,1,0,0,0,0,0,0,0,1,0,0,0,0,0,0,0,0,0,1,0,0,0,0,0,0,5183,3327,0,0.008846335755506397
-1.4945295565965526,-1.419076934117235,-0.519726538629725,0,1.412783515790431,0.01575166088812287,0.0,-0.5644884389025866,3,71,-0.9019267788874382,-1.88701396937395,2,122,0.6269523560219584,1,0,1,2,0,-0.2751794478660512,0.3416165464424246,-0.5920170487705504,-0.32203273941639915,20,0.6481117282754599,0,1,1,0,0,0,0,0,0,0,0,0,0,0,0,0,1,0,0,0,0,0,1,0,0,0,0,0,1,0,0,0,1,1,0,0,0,0,0,0,0,1,0,0,0,0,0,0,0,0,0,0,0,0,1,0,3709,3603,0,0.00829186649780273
0.9738421827838685,0.6642534435853971,-1.4838440716248265,0,1.412783515790431,0.14138915064947558,0.0,-0.9820937735561015,2,85,1.1908107016263563,0.9538505081700629,0,157,-0.8123322078484696,3,1,2,0,2,0.989524208425833,-0.05399598618959998,1.4470796551880225,1.029361034592656,32,1.3133534303801258,0,0,0,0,0,0,0,0,0,0,0,0,0,1,0,0,0,0,0,0,0,0,0,0,0,0,0,0,0,0,0,0,1,0,0,0,0,0,0,0,0,1,0,0,0,0,0,0,0,0,0,0,0,1,0,0,4035,3326,1,0.8902882886500103
-0.4950128311432131,-0.21293829439465853,0.49108773118339427,2,1.412783515790431,0.49058868251411525,0.0,1.5071566297511407,5,69,-0.9019267788874382,0.9538505081700629,0,149,-0.09268992591325557,3,0,0,1,0,0.12882837281334603,-0.2446279319656533,-0.24001771989516857,0.304662217327118,21,1.6459742814324587,1,0,0,0,0,0,0,1,0,0,0,0,0,0,0,0,0,0,0,0,0,0,0,0,1,0,0,0,0,0,0,0,1,0,0,0,0,0,0,0,1,0,0,0,0,0,0,1,0,0,0,0,0,0,0,0,4282,3631,1,0.8281963212675411
-0.7296819753800842,-1.199778999622221,-0.43486442414563964,1,-0.22238259044849376,0.10227715104263761,0.0,-0.7503233709700656,6,78,1.5713084253561371,0.9538505081700629,1,157,-0.3805468386873412,3,1,0,3,0,0.48280895866189855,-0.1810839500403022,-0.17544979566358965,0.7666047382741569,23,0.8144221538016264,0,0,0,0,0,0,0,0,0,0,0,1,0,0,0,0,0,0,0,0,0,0,1,0,0,0,0,0,0,0,0,1,0,1,0,0,0,0,0,0,1,0,0,0,1,0,0,0,0,0,0,0,0,0,0,0,5700,3480,0,0.014890048219980048
0.45235519559082177,0.44495550909038317,1.3145040029092714,0,-1.0399656435679563,-0.22028326810139956,0.0,-0.6335590886798821,4,85,1.133377082950163,-1.381496731515241,2,141,-0.09268992591325557,1,1,0,0,0,0.3975352629275042,0.8335699548967558,-0.34207669690637393,0.42756435592770636,23,-1.347613378038538,0,1,0,0,0,0,0,0,0,0,0,1,0,0,0,0,0,0,0,0,0,0,0,0,0,1,0,0,1,0,0,1,0,1,0,0,0,0,0,0,0,0,1,0,0,0,0,0,0,0,0,1,0,0,0,0,3680,3509,0,0.0033364679577837036
-0.3646410843449514,-0.8708320978797003,-0.6209702638211811,0,-0.22238259044849376,-0.8518986957543788,0.0,-0.6198984490572613,5,65,0.20008077946202132,0.9538505081700629,1,152,-0.6684037514614268,1,0,0,0,1,-1.863165159542106,-1.4499137826787645,-1.3897433384703801,-1.875791241638492,23,1.3133534303801258,1,0,0,0,0,0,0,1,0,0,0,0,0,0,0,0,0,0,0,0,0,0,0,0,0,0,1,1,0,0,0,0,0,0,1,0,0,0,0,0,0,0,0,0,1,0,0,0,0,0,0,0,0,0,0,0,6897,3605,1,0.8722503643609407
-0.8339793728186935,-0.8708320978797003,-1.5480238674348874,1,1.412783515790431,-0.5966588250360497,0.0,-0.4047329097510197,6,71,0.9933826374269418,-0.9792189295572541,1,152,-0.9562606642355124,1,1,1,3,1,-1.8370145595168916,-1.3638219361992567,-1.3772463208771715,-1.8646664790927492,33,-1.1813029525123715,1,0,0,0,0,0,0,0,0,0,0,0,0,0,0,0,0,0,0,0,0,0,0,0,1,0,0,1,0,0,0,0,0,0,1,0,0,0,0,0,1,0,0,0,0,0,0,0,0,0,0,0,0,0,0,1,8319,3649,0,0.010250852306683466
0.00039980669018126864,-0.10328932714715157,-0.4881542824980564,0,1.412783515790431,-0.5453217442427026,0.0,1.603925307772463,4,78,-0.9019267788874382,-0.6517007191135835,2,122,-0.9562606642355124,1,1,0,1,0,1.4314314494316278,1.8502736657023735,1.8886409434814007,1.0426047995280643,27,-0.349750824881539,0,0,0,0,0,0,0,0,0,0,0,0,0,1,0,0,0,0,0,0,0,0,0,0,0,0,1,0,1,0,0,0,1,0,0,0,0,0,0,0,1,0,0,0,0,0,0,1,0,0,0,0,0,0,0,0,8821,3617,0,0.012003788475919826
-0.6775332766607794,-0.8708320978797003,1.3340537369513537,1,-0.22238259044849376,0.29635031487846764,0.0,1.5726690945399089,5,76,0.616474514864423,-0.6766205829516888,2,141,0.7708808124090012,1,1,1,1,1,0.30619765994088627,1.2476307403458178,-0.13171023408735877,0.1393800309332234,28,0.9807325793277929,0,1,1,0,0,0,0,0,0,0,1,0,0,0,0,0,0,0,0,0,0,0,1,0,0,0,0,0,1,0,1,0,0,0,0,0,1,0,0,0,0,0,1,0,0,0,0,0,0,0,0,0,0,1,0,0,10371,3630,0,0.001220516099019221
-0.929585320470752,-1.419076934117235,1.5787075856245147,1,-0.22238259044849376,0.058002532691496876,0.0,-0.31650387570216326,5,63,-0.9019267788874382,-1.612895467154791,2,134,-0.23661838230029839,3,2,2,3,1,1.2188157014005379,0.05874333658118424,1.6761916443968508,1.2624512974558408,42,0.14918045169696045,0,1,1,0,0,0,0,1,0,0,0,0,0,0,0,0,0,0,0,0,0,0,0,0,0,1,0,0,0,0,0,0,1,0,0,1,0,0,0,0,0,0,0,0,0,0,0,0,0,1,0,0,0,0,0,0,9935,3642,1,0.9524915732934305
-0.8426708226052443,-0.7611831306321933,-0.9645520718576004,0,-1.0399656435679563,-0.34563165121307154,0.0,-0.8446780646658377,0,93,2.045135779434732,0.9538505081700629,3,152,-0.524475295074384,1,0,1,3,1,-1.8517953334441868,-1.3638219361992567,-1.4584769352330287,-1.8646664790927492,27,0.8144221538016264,0,1,1,0,0,0,0,0,0,0,0,0,0,0,0,0,0,0,0,0,0,1,0,1,0,0,0,0,0,1,0,0,0,0,0,0,1,0,0,0,1,0,0,0,0,0,0,1,0,0,0,0,0,0,0,0,8254,3607,0,0.012114633426212421
0.7044072394007943,0.44495550909038317,-1.4594565276256852,0,1.412783515790431,1.0576094244383778,0.0,-0.6798015398641158,1,76,0.8067233767293134,0.9538505081700629,1,152,-0.6684037514614268,1,0,1,1,0,-1.9040965334946154,-1.4663122296272422,-1.4813881341539117,-1.9054572750938066,18,-1.347613378038538,0,1,0,0,0,0,0,0,0,0,0,0,0,0,0,1,0,0,0,0,0,0,0,1,0,0,0,0,0,1,0,0,0,0,0,0,1,0,0,0,1,0,0,0,1,0,0,0,0,0,0,0,0,0,0,0,11140,3649,0,0.011398150945476453
-1.677050002114119,0.11600860734786234,0.7664381262212582,2,1.412783515790431,-0.16031428876757856,0.0,-0.8526874693066796,4,85,-0.040422498744538266,0.9538505081700629,0,157,-0.8123322078484696,3,0,1,0,0,0.02649993793207279,0.4687045102931269,0.4848093005109431,-0.20707685977705576,37,-0.1834403993553725,0,1,0,0,0,0,0,0,0,0,0,0,0,0,0,0,0,1,0,0,0,0,0,0,0,0,1,0,0,0,0,0,1,0,0,1,0,0,0,0,1,0,0,0,0,0,1,0,0,0,0,0,0,0,0,0,8528,3636,0,0.4266978838538883
0.6174927415352865,0.11600860734786234,-1.1412780869180876,1,1.412783515790431,-0.272198562194109,0.0,-0.9350141023745672,5,76,-0.9019267788874382,-0.658820680210185,1,134,0.7708808124090012,1,0,1,3,2,-0.3612111320069735,0.08744061874102023,0.09740175512146963,-0.5519444986950859,22,-0.6823716759338719,0,1,1,0,0,0,1,0,0,0,0,0,0,0,0,0,0,0,0,0,0,0,0,0,0,1,0,0,1,0,0,1,0,1,0,0,0,0,1,0,0,0,0,0,0,1,0,0,0,0,0,0,0,0,0,0,12104,3510,0,0.002479931861039794
-1.0338827179093615,-1.528725901364742,-1.5041605382184298,1,-1.0399656435679563,0.010382537394048168,0.0,-0.8606689666142783,3,78,1.5031060031781576,-0.9542990657191488,3,145,-0.524475295074384,1,1,2,2,0,-1.785850342076255,-1.3310250423023011,-1.3439209406286146,-1.8101021675588673,23,-0.017129973829206037,1,0,0,0,0,0,0,0,0,0,0,0,0,0,0,0,0,0,0,0,0,0,0,0,0,1,0,1,0,0,0,0,0,0,1,0,0,0,0,0,1,0,0,0,0,0,0,0,0,0,0,1,0,0,0,0,6150,3615,0,0.010381657659421117
1.2085113270207395,0.993200345327918,-0.4285632058668956,1,-1.0399656435679563,0.8055084259165847,0.0,-0.3879466488051436,3,65,-0.9019267788874382,0.9538505081700629,2,134,0.19516698686083,4,1,2,3,1,0.46651220792154763,-0.0416971509782417,1.47207369037444,0.28876969940462816,18,-0.349750824881539,1,0,1,0,0,0,0,0,0,0,0,0,1,0,0,0,0,0,0,0,0,0,0,0,0,0,0,0,0,0,0,0,1,0,0,0,1,0,0,0,1,0,0,0,0,0,0,0,0,0,1,0,0,0,0,0,5783,3449,0,0.0013542484713744759
-1.1207972157748691,-1.309427966869728,1.1085098214150877,1,-0.22238259044849376,-0.2220179079994856,0.0,1.4103600443965754,2,54,1.176452296957308,-2.253691965848929,1,122,1.634451550731258,3,1,0,2,2,1.0156748084510472,-0.16468550309182448,1.2221333385102637,1.151733422595828,33,-0.349750824881539,1,0,1,0,1,0,0,0,0,0,0,0,0,0,0,0,0,0,0,0,0,0,1,0,0,0,0,0,0,0,1,0,0,0,0,0,1,0,0,0,1,0,0,0,0,0,0,0,0,0,0,0,0,0,0,1,11934,3641,0,0.0036441033481576404
-0.08651469117532652,0.006359640100355384,0.316428391172946,2,-0.22238259044849376,0.9612130072447567,0.0,1.4947239127912277,3,71,-0.9019267788874382,-0.6481407385652826,1,157,0.4830238996349156,1,2,2,2,2,-1.6941337448863731,-1.2695308662455098,-1.2814358526625704,-1.7136875588290954,27,-0.1834403993553725,0,1,0,0,0,0,0,0,0,0,0,0,0,1,0,0,0,0,0,0,0,0,0,0,0,0,1,0,0,1,0,0,0,0,1,0,0,0,0,0,1,0,0,0,0,0,0,0,0,0,0,0,1,0,0,0,5347,3638,0,0.0014272880367838113
